{"started_on": {"$dt": "2019-04-29T20:05:55.625299"}, "duration": 50, "sample_id": 71, "owner": null, "id": 72, "category": "file", "priority": 2, "guest": {"status": "stopped", "name": "cuckoo1", "label": "karina7", "manager": "VirtualBox", "started_on": "2019-04-29 20:05:57", "shutdown_on": "2019-04-29 20:06:46"}, "clock": {"$dt": "2019-04-29T20:01:01.731094"}, "custom": null, "machine": null, "platform": "windows", "memory": false, "status": "completed", "tags": [], "processing": null, "enforce_timeout": false, "completed_on": {"$dt": "2019-04-29T20:06:46.073027"}, "target": "/tmp/cuckoo-tmp-karina/tmpyobArb/Matsnu.exe", "package": "exe", "route": "none", "timeout": 60, "submit_id": 44, "options": {"route": "none"}, "added_on": {"$dt": "2019-04-29T20:01:01.731111"}}