{"category": "create_process", "args": ["C:\\Users\\karina\\AppData\\Roaming\\lvajjro.exe", [], "explorer.exe"], "type": "reboot", "time": 29}
{"category": "regkey_written", "args": ["HKEY_CURRENT_USER\\Software\\Microsoft\\Windows\\CurrentVersion\\Internet Settings\\Connections\\DefaultConnectionSettings", "REG_BINARY", "F\u0000\u0000\u0000\u0004\u0000\u0000\u0000\t\u0000\u0000\u0000\u0000\u0000\u0000\u0000\u0000\u0000\u0000\u0000\u0000\u0000\u0000\u0000\u0004\u0000\u0000\u0000\u0000\u0000\u0000\u0000\u00c0\u00fb\u00e6W\u0002\u00ff\u00d4\u0001\u0000\u0000\u0000\u0000\u0000\u0000\u0000\u0000\u0000\u0000\u0000\u0000\u0002\u0000\u0000\u0000\u0017\u0000\u0000\u0000\u0000\u0000\u0000\u0000\u0000\u0000\u0000\u0000\u0000\u0000\u0000\u0000\u0000\u0000\u0000\u0000\u0000\u0000\u0000\u0001\u0000\u0000\u0000\u0000\u0000\u0000\u0000\u0000\u0002\u0000\u0000\u0000\u0000\u0000\u0000\u0000\u0002\u0000\u0000\u0000\u0001\u0000\u0000\u0000\u0000\u0000\u0000\u0000\u0000\u0000\u0000\u0000\u00da\u00da\u00da\u00da\u0000\u0000\u0000\u0000\u0000\u0000\u0000\u0000\u0003\u0000\u0000\u0000\u0000\u0000\u0000\u0000\u0000\u0000\u0000\u0000\u00d3l\u0004\u0000\u0000\u0000\u0000\u0000\u0000\u0000\u0000\u0000\u0000\u0000\u0000\u0000\u0010af\u0000\u0010af\u0000\u0001\u0000\u0000\u0000\u0000\u0000\u0000\u0000\u00ff\u00ff\u00ff\u00ff\u0000\u0000\u0000\u0000\u0000\u0000\u0000\u0000\u0000\u0000\u0000\u0000\u0002\u0000\u0000\u0000\u00c0\u00a88g\u0000\u0000\u0000\u0000\u0000\u0000\u0000\u0000@af\u0000@af\u0000\u0000\u0000\u0000\u0000\u0000\u0000\u0000\u0000\u0000\u0000\u0000\u0000\u0000\u0000\u0000\u0000\u0000\u0000\u0000\u0000\u0000\u0000\u0000\u0000\u0000\u0000\u0000\u0000\u0000\u0000\u0000\u0000\u0000\u0000\u0000\u0000\u0000\u0000\u0000\u0000paf\u0000paf\u0000\u0000\u0000\u0000\u0000\u0000\u0000\u0000\u0000\u0080af\u0000\u0080af\u0000\u0000\u0000\u0000\u0000\u0000\u0000\u0000\u0000\u0090af\u0000\u0090af\u0000\u0003\u0000\u0000\u0003dH\u0000\u0000\u0090\u0003e\u0000p?a\u0000\u0000\u0000\u0000\u0000\u00d8\u0002\u0000\u0000"], "type": "reboot", "time": 29}
{"category": "regkey_written", "args": ["HKEY_CURRENT_USER\\Software\\Microsoft\\Windows\\CurrentVersion\\Internet Settings\\Wpad\\0a-00-27-00-00-00\\WpadDecision", "REG_DWORD", 3], "type": "reboot", "time": 29}
{"category": "regkey_written", "args": ["HKEY_CURRENT_USER\\Software\\Microsoft\\Windows\\CurrentVersion\\Internet Settings\\Wpad\\0a-00-27-00-00-00\\WpadDecisionReason", "REG_DWORD", 1], "type": "reboot", "time": 29}
{"category": "regkey_written", "args": ["HKEY_CURRENT_USER\\Software\\Microsoft\\Windows\\CurrentVersion\\Internet Settings\\Wpad\\0a-00-27-00-00-00\\WpadDecisionTime", "REG_BINARY", "\u00a0\u008f\u00ebW\u0002\u00ff\u00d4\u0001"], "type": "reboot", "time": 29}
{"category": "regkey_written", "args": ["HKEY_CURRENT_USER\\Software\\Microsoft\\Windows\\CurrentVersion\\Internet Settings\\Wpad\\WpadLastNetwork", "REG_SZ", "{AEA92549-000C-496A-880B-4D9C5F203FCE}"], "type": "reboot", "time": 29}
{"category": "regkey_written", "args": ["HKEY_CURRENT_USER\\Software\\Microsoft\\Windows\\CurrentVersion\\Internet Settings\\Wpad\\{AEA92549-000C-496A-880B-4D9C5F203FCE}\\WpadDecision", "REG_DWORD", 3], "type": "reboot", "time": 29}
{"category": "regkey_written", "args": ["HKEY_CURRENT_USER\\Software\\Microsoft\\Windows\\CurrentVersion\\Internet Settings\\Wpad\\{AEA92549-000C-496A-880B-4D9C5F203FCE}\\WpadDecisionReason", "REG_DWORD", 1], "type": "reboot", "time": 29}
{"category": "regkey_written", "args": ["HKEY_CURRENT_USER\\Software\\Microsoft\\Windows\\CurrentVersion\\Internet Settings\\Wpad\\{AEA92549-000C-496A-880B-4D9C5F203FCE}\\WpadDecisionTime", "REG_BINARY", "\u00a0\u008f\u00ebW\u0002\u00ff\u00d4\u0001"], "type": "reboot", "time": 29}
{"category": "regkey_written", "args": ["HKEY_CURRENT_USER\\Software\\Microsoft\\Windows\\CurrentVersion\\Internet Settings\\Wpad\\{AEA92549-000C-496A-880B-4D9C5F203FCE}\\WpadNetworkName", "REG_SZ", "Network  2"], "type": "reboot", "time": 29}
{"category": "regkey_written", "args": ["HKEY_LOCAL_MACHINE\\SOFTWARE\\Microsoft\\Tracing\\lvajjro_RASMANCS\\ConsoleTracingMask", "REG_DWORD", 4294901760], "type": "reboot", "time": 29}
{"category": "regkey_written", "args": ["HKEY_LOCAL_MACHINE\\SOFTWARE\\Microsoft\\Tracing\\lvajjro_RASMANCS\\EnableConsoleTracing", "REG_DWORD", 0], "type": "reboot", "time": 29}
{"category": "regkey_written", "args": ["HKEY_LOCAL_MACHINE\\SOFTWARE\\Microsoft\\Tracing\\lvajjro_RASMANCS\\EnableFileTracing", "REG_DWORD", 0], "type": "reboot", "time": 29}
{"category": "regkey_written", "args": ["HKEY_LOCAL_MACHINE\\SOFTWARE\\Microsoft\\Tracing\\lvajjro_RASMANCS\\FileDirectory", "REG_EXPAND_SZ", "%windir%\\tracing"], "type": "reboot", "time": 29}
{"category": "regkey_written", "args": ["HKEY_LOCAL_MACHINE\\SOFTWARE\\Microsoft\\Tracing\\lvajjro_RASMANCS\\FileTracingMask", "REG_DWORD", 4294901760], "type": "reboot", "time": 29}
{"category": "regkey_written", "args": ["HKEY_LOCAL_MACHINE\\SOFTWARE\\Microsoft\\Tracing\\lvajjro_RASMANCS\\MaxFileSize", "REG_DWORD", 1048576], "type": "reboot", "time": 29}
{"category": "regkey_written", "args": ["HKEY_LOCAL_MACHINE\\SOFTWARE\\Microsoft\\Windows\\CurrentVersion\\Run\\msconfig", "REG_SZ", "C:\\Users\\karina\\AppData\\Roaming\\lvajjro.exe"], "type": "reboot", "time": 29}
