{"started_on": {"$dt": "2019-04-29T20:10:37.875980"}, "duration": 142, "sample_id": 75, "owner": null, "id": 76, "category": "file", "priority": 2, "guest": {"status": "stopped", "name": "cuckoo1", "label": "karina7", "manager": "VirtualBox", "started_on": "2019-04-29 20:10:38", "shutdown_on": "2019-04-29 20:12:54"}, "clock": {"$dt": "2019-04-29T20:01:01.864656"}, "custom": null, "machine": null, "platform": "windows", "memory": false, "status": "completed", "tags": [], "processing": null, "enforce_timeout": false, "completed_on": {"$dt": "2019-04-29T20:12:59.949937"}, "target": "/tmp/cuckoo-tmp-karina/tmpJiSCNf/teslacrypt.exe", "package": "exe", "route": "none", "timeout": 60, "submit_id": 44, "options": {"route": "none"}, "added_on": {"$dt": "2019-04-29T20:01:01.864672"}}