{"started_on": {"$dt": "2019-04-29T20:06:46.351879"}, "duration": 26, "sample_id": 72, "owner": null, "id": 73, "category": "file", "priority": 2, "guest": {"status": "stopped", "name": "cuckoo1", "label": "karina7", "manager": "VirtualBox", "started_on": "2019-04-29 20:06:47", "shutdown_on": "2019-04-29 20:07:13"}, "clock": {"$dt": "2019-04-29T20:01:01.765151"}, "custom": null, "machine": null, "platform": "windows", "memory": false, "status": "completed", "tags": [], "processing": null, "enforce_timeout": false, "completed_on": {"$dt": "2019-04-29T20:07:13.092419"}, "target": "/tmp/cuckoo-tmp-karina/tmppIFDW4/petrwrap.exe", "package": "dll", "route": "none", "timeout": 60, "submit_id": 44, "options": {"route": "none"}, "added_on": {"$dt": "2019-04-29T20:01:01.765168"}}