{"path": "shots/0001.jpg", "pids": [], "filepath": null}
{"path": "shots/0002.jpg", "pids": [], "filepath": null}
{"path": "shots/0003.jpg", "pids": [], "filepath": null}
{"path": "shots/0004.jpg", "pids": [], "filepath": null}
{"path": "shots/0005.jpg", "pids": [], "filepath": null}
{"path": "shots/0006.jpg", "pids": [], "filepath": null}
{"path": "shots/0007.jpg", "pids": [], "filepath": null}
{"path": "shots/0008.jpg", "pids": [], "filepath": null}
{"path": "shots/0009.jpg", "pids": [], "filepath": null}
{"path": "shots/0010.jpg", "pids": [], "filepath": null}
{"path": "shots/0011.jpg", "pids": [], "filepath": null}
{"path": "shots/0012.jpg", "pids": [], "filepath": null}
{"path": "files/e6959ca0a7d0478c_m.vbs", "pids": [], "filepath": "C:\\Users\\karina\\AppData\\Local\\Temp\\m.vbs"}
{"path": "files/0abd028452e14382_182311556607288.bat", "pids": [2084, 2396], "filepath": "C:\\Users\\karina\\AppData\\Local\\Temp\\182311556607288.bat"}
{"path": "shots/0013.jpg", "pids": [], "filepath": null}
{"path": "shots/0014.jpg", "pids": [], "filepath": null}
{"path": "shots/0015.jpg", "pids": [], "filepath": null}
{"path": "shots/0016.jpg", "pids": [], "filepath": null}
{"path": "shots/0017.jpg", "pids": [], "filepath": null}
{"path": "shots/0018.jpg", "pids": [], "filepath": null}
{"path": "shots/0019.jpg", "pids": [], "filepath": null}
{"path": "shots/0020.jpg", "pids": [], "filepath": null}
{"path": "shots/0021.jpg", "pids": [], "filepath": null}
{"path": "shots/0022.jpg", "pids": [], "filepath": null}
{"path": "shots/0023.jpg", "pids": [], "filepath": null}
{"path": "shots/0024.jpg", "pids": [], "filepath": null}
{"path": "shots/0025.jpg", "pids": [], "filepath": null}
{"path": "shots/0026.jpg", "pids": [], "filepath": null}
{"path": "shots/0027.jpg", "pids": [], "filepath": null}
{"path": "shots/0028.jpg", "pids": [], "filepath": null}
{"path": "shots/0029.jpg", "pids": [], "filepath": null}
{"path": "shots/0030.jpg", "pids": [], "filepath": null}
{"path": "shots/0031.jpg", "pids": [], "filepath": null}
{"path": "shots/0032.jpg", "pids": [], "filepath": null}
{"path": "shots/0033.jpg", "pids": [], "filepath": null}
{"path": "shots/0034.jpg", "pids": [], "filepath": null}
{"path": "shots/0035.jpg", "pids": [], "filepath": null}
{"path": "shots/0036.jpg", "pids": [], "filepath": null}
{"path": "files/88562b81a7006d1a_pluck-pcm16.wav.wncry", "pids": [2084], "filepath": "c:\\python27\\lib\\test\\audiodata\\pluck-pcm16.wav.wncry"}
{"path": "files/590f6c930862e1fe_vi.msg.wncry", "pids": [2084], "filepath": "c:\\python27\\tcl\\tcl8.5\\msgs\\vi.msg.wncry"}
{"path": "files/1c8c4d1c301b48b0_object.h.wncry", "pids": [2084], "filepath": "c:\\python27\\include\\object.h.wncry"}
{"path": "files/f0ae43fe153fdfef_bytesobject.h.wncry", "pids": [2084], "filepath": "c:\\python27\\include\\bytesobject.h.wncry"}
{"path": "files/06d4aeda915e9156_numppavrjk.ppt.wncry", "pids": [2084], "filepath": "c:\\users\\karina\\documents\\numppavrjk.ppt.wncry"}
{"path": "files/dc3e9fbcc8f733bb_pyerrors.h.wncry", "pids": [2084], "filepath": "c:\\python27\\include\\pyerrors.h.wncry"}
{"path": "files/87219f83c2681831_en_ie.msg.wncry", "pids": [2084], "filepath": "c:\\python27\\tcl\\tcl8.5\\msgs\\en_ie.msg.wncry"}
{"path": "files/c9cf2ff7f1197f69_websafe.txt.wncry", "pids": [2084], "filepath": "c:\\python27\\tools\\pynche\\websafe.txt.wncry"}
{"path": "files/9ec9e6a6ee7a9361_methodobject.h.wncry", "pids": [2084], "filepath": "c:\\python27\\include\\methodobject.h.wncry"}
{"path": "files/d86adaa66e54a7c8_sliceobject.h.wncry", "pids": [2084], "filepath": "c:\\python27\\include\\sliceobject.h.wncry"}
{"path": "files/0c4410f2994bba26_euc_kr.txt.wncry", "pids": [2084], "filepath": "c:\\python27\\lib\\test\\cjkencodings\\euc_kr.txt.wncry"}
{"path": "files/3de973083a25f261_udzganrlxhnl.docx", "pids": [2084], "filepath": "C:\\Users\\karina\\Documents\\UDzgaNrLxHnL.docx"}
{"path": "files/1adfee058b98206c_m_finnish.wnry", "pids": [2084], "filepath": "C:\\Users\\karina\\AppData\\Local\\Temp\\msg\\m_finnish.wnry"}
{"path": "files/944a873981b231cb_eventpage_bin_prod.js.wncry", "pids": [2084], "filepath": "c:\\users\\karina\\appdata\\local\\google\\chrome\\user data\\default\\extensions\\ghbmnnjooekpmoecnnnilnnbdlolhkhi\\1.4_0\\eventpage_bin_prod.js.wncry"}
{"path": "shots/0037.jpg", "pids": [], "filepath": null}
{"path": "files/e0ea561f0ffea935_rypseftlzx.rtf.wncry", "pids": [2084], "filepath": "c:\\users\\karina\\documents\\rypseftlzx.rtf.wncry"}
{"path": "files/6365486d0f106b41_msg_44.txt.wncry", "pids": [2084], "filepath": "c:\\python27\\lib\\email\\test\\data\\msg_44.txt.wncry"}
{"path": "files/95eb3692efc7b6b9_big5.txt.wncry", "pids": [2084], "filepath": "c:\\python27\\lib\\test\\cjkencodings\\big5.txt.wncry"}
{"path": "files/b09794d4df320d05_hz-utf8.txt.wncry", "pids": [2084], "filepath": "c:\\python27\\lib\\test\\cjkencodings\\hz-utf8.txt.wncry"}
{"path": "files/f68cc4fe6eff5df4_test_doctest4.txt.wncry", "pids": [2084], "filepath": "c:\\python27\\lib\\test\\test_doctest4.txt.wncry"}
{"path": "files/3bb683f7994066f1_rvtkykupyvsouq.txt.wncry", "pids": [2084], "filepath": "c:\\users\\karina\\documents\\rvtkykupyvsouq.txt.wncry"}
{"path": "files/bed95a52562c7a79_es_py.msg.wncryt", "pids": [2084], "filepath": "C:\\Python27\\tcl\\tcl8.5\\msgs\\es_py.msg.WNCRYT"}
{"path": "files/58d9c0c516bd8d5a_test_doctest.txt.wncry", "pids": [2084], "filepath": "c:\\python27\\lib\\test\\test_doctest.txt.wncry"}
{"path": "files/74ec1d1fb6254d23_wmdefault.cs.wncry", "pids": [2084], "filepath": "c:\\python27\\tcl\\tix8.4.3\\pref\\wmdefault.cs.wncry"}
{"path": "files/e4a371387f51de5b_fa_in.msg.wncry", "pids": [2084], "filepath": "c:\\python27\\tcl\\tcl8.5\\msgs\\fa_in.msg.wncry"}
{"path": "files/f58180b902c3aada_selfsigned_pythontestdotnet.pem.wncry", "pids": [2084], "filepath": "c:\\python27\\lib\\test\\selfsigned_pythontestdotnet.pem.wncry"}
{"path": "files/768a5ed64fd72e9d_ar_sy.msg.wncry", "pids": [2084], "filepath": "c:\\python27\\tcl\\tcl8.5\\msgs\\ar_sy.msg.wncry"}
{"path": "files/5c7f6ad1ec4bc2c8_m_chinese (traditional).wnry", "pids": [2084], "filepath": "C:\\Users\\karina\\AppData\\Local\\Temp\\msg\\m_chinese (traditional).wnry"}
{"path": "files/146f61db72297c9c_m_swedish.wnry", "pids": [2084], "filepath": "C:\\Users\\karina\\AppData\\Local\\Temp\\msg\\m_swedish.wnry"}
{"path": "files/1f417d130e51958c_readme.txt.wncry", "pids": [2084], "filepath": "c:\\python27\\tools\\scripts\\readme.txt.wncry"}
{"path": "files/7997f32822bd815c_handprints.jpg.wncry", "pids": [2084], "filepath": "c:\\users\\karina\\appdata\\local\\microsoft\\windows mail\\stationery\\handprints.jpg.wncry"}
{"path": "files/a75bb44284b9db8d_m_danish.wnry", "pids": [2084], "filepath": "C:\\Users\\karina\\AppData\\Local\\Temp\\msg\\m_danish.wnry"}
{"path": "files/ed75ea6e9944d427_msg_23.txt.wncry", "pids": [2084], "filepath": "c:\\python27\\lib\\email\\test\\data\\msg_23.txt.wncry"}
{"path": "files/266cd914aff45036_gbk-utf8.txt.wncry", "pids": [2084], "filepath": "c:\\python27\\lib\\test\\cjkencodings\\gbk-utf8.txt.wncry"}
{"path": "files/d628e6057eadedeb_openfolder.gif.wncry", "pids": [2084], "filepath": "c:\\python27\\lib\\idlelib\\icons\\openfolder.gif.wncry"}
{"path": "files/8d53ab255fcc1948_msg_27.txt.wncry", "pids": [2084], "filepath": "c:\\python27\\lib\\email\\test\\data\\msg_27.txt.wncry"}
{"path": "files/d8d8ac5d1431be31_ro.msg.wncry", "pids": [2084], "filepath": "c:\\python27\\tcl\\tcl8.5\\msgs\\ro.msg.wncry"}
{"path": "files/730b5ab367359a4d_en_sg.msg.wncry", "pids": [2084], "filepath": "c:\\python27\\tcl\\tcl8.5\\msgs\\en_sg.msg.wncry"}
{"path": "files/26fd072fda6e12f8_m_english.wnry", "pids": [2084], "filepath": "C:\\Users\\karina\\AppData\\Local\\Temp\\msg\\m_english.wnry"}
{"path": "files/c2f5e128e0d48949_hlukioidfazgj.docx.wncry", "pids": [2084], "filepath": "c:\\users\\karina\\documents\\hlukioidfazgj.docx.wncry"}
{"path": "files/8a71a1fe3de2a10f_shift_jisx0213-utf8.txt.wncry", "pids": [2084], "filepath": "c:\\python27\\lib\\test\\cjkencodings\\shift_jisx0213-utf8.txt.wncry"}
{"path": "files/4acb54282e82ba29_jrauixsolg.doc", "pids": [2084], "filepath": "C:\\Users\\karina\\Documents\\jRAuIXSoLG.doc"}
{"path": "files/c477488c2fe6b9f5_tix.gif.wncry", "pids": [2084], "filepath": "c:\\python27\\tcl\\tix8.4.3\\demos\\bitmaps\\tix.gif.wncry"}
{"path": "files/191d8412720e26b9_af.msg.wncry", "pids": [2084], "filepath": "c:\\python27\\tcl\\tcl8.5\\msgs\\af.msg.wncry"}
{"path": "files/a5c993f396585107_pycacert.pem.wncry", "pids": [2084], "filepath": "c:\\python27\\lib\\test\\pycacert.pem.wncry"}
{"path": "files/9615710323bece49_beawxwqsndoqtgc.ppt.wncry", "pids": [2084], "filepath": "c:\\users\\karina\\documents\\beawxwqsndoqtgc.ppt.wncry"}
{"path": "files/d9d9873e962a8050_kok.msg.wncry", "pids": [2084], "filepath": "c:\\python27\\tcl\\tcl8.5\\msgs\\kok.msg.wncry"}
{"path": "files/4bd242219c64f6dd_pgenheaders.h.wncry", "pids": [2084], "filepath": "c:\\python27\\include\\pgenheaders.h.wncry"}
{"path": "files/f4046ceff9a5e13b_funcobject.h.wncry", "pids": [2084], "filepath": "c:\\python27\\include\\funcobject.h.wncry"}
{"path": "files/c4dbd0226f25b5dc_fr.msg.wncry", "pids": [2084], "filepath": "c:\\python27\\tcl\\tcl8.5\\msgs\\fr.msg.wncry"}
{"path": "files/e4015d46cc9fbca2_msg_24.txt.wncry", "pids": [2084], "filepath": "c:\\python27\\lib\\email\\test\\data\\msg_24.txt.wncry"}
{"path": "files/72a499b252c9edf5_en_za.msg.wncry", "pids": [2084], "filepath": "c:\\python27\\tcl\\tcl8.5\\msgs\\en_za.msg.wncry"}
{"path": "files/ce35757580ee500c_johab.txt.wncry", "pids": [2084], "filepath": "c:\\python27\\lib\\test\\cjkencodings\\johab.txt.wncry"}
{"path": "files/439f7fa86d87766c_white_chocolate.jpg.wncry", "pids": [2084], "filepath": "c:\\users\\karina\\appdata\\local\\microsoft\\windows mail\\stationery\\white_chocolate.jpg.wncry"}
{"path": "files/02932052fafe97e6_m_russian.wnry", "pids": [2084], "filepath": "C:\\Users\\karina\\AppData\\Local\\Temp\\msg\\m_russian.wnry"}
{"path": "files/f5828685d32b45b9_qwoafzuelsckdmsamtsk.pptx.wncry", "pids": [2084], "filepath": "c:\\users\\karina\\documents\\qwoafzuelsckdmsamtsk.pptx.wncry"}
{"path": "files/697fb0a056cf26d4_ksbexxcqhskulqdy.docx.wncry", "pids": [2084], "filepath": "c:\\users\\karina\\documents\\ksbexxcqhskulqdy.docx.wncry"}
{"path": "files/0ceb451c1dbefaa8_c.wnry", "pids": [2084], "filepath": "C:\\Users\\karina\\AppData\\Local\\Temp\\c.wnry"}
{"path": "files/e4843c25f3e326e2_zh_sg.msg.wncry", "pids": [2084], "filepath": "c:\\python27\\tcl\\tcl8.5\\msgs\\zh_sg.msg.wncry"}
{"path": "files/ecd402ad24e7cda7_nl_be.msg.wncry", "pids": [2084], "filepath": "c:\\python27\\tcl\\tcl8.5\\msgs\\nl_be.msg.wncry"}
{"path": "files/f0cf15586f328fd0_readme.txt.wncry", "pids": [2084], "filepath": "c:\\python27\\lib\\test\\leakers\\readme.txt.wncry"}
{"path": "files/02f0e35985be53f3_cast_sender.js.wncry", "pids": [2084], "filepath": "c:\\users\\karina\\appdata\\local\\google\\chrome\\user data\\default\\extensions\\pkedcjkdefgpdelpbcmbmeomcjbeemfm\\6718.423.0.0_0\\cast_sender.js.wncry"}
{"path": "files/bd9f4b3aedf4f81f_m_portuguese.wnry", "pids": [2084], "filepath": "C:\\Users\\karina\\AppData\\Local\\Temp\\msg\\m_portuguese.wnry"}
{"path": "files/c4f472a8db7d31f9_128.png.wncry", "pids": [2084], "filepath": "c:\\users\\karina\\appdata\\local\\google\\chrome\\user data\\default\\extensions\\apdfllckaahabafndbhieahigkjlhalf\\14.1_0\\128.png.wncry"}
{"path": "files/2ca2d550e603d74d_taskse.exe", "pids": [2084], "filepath": "C:\\Users\\karina\\AppData\\Local\\Temp\\taskse.exe"}
{"path": "files/b1bcaabaa3882ba7_info.gif.wncry", "pids": [2084], "filepath": "c:\\python27\\tcl\\tix8.4.3\\bitmaps\\info.gif.wncry"}
{"path": "files/fd9201f30329a7f4_background_script.js.wncry", "pids": [2084], "filepath": "c:\\users\\karina\\appdata\\local\\google\\chrome\\user data\\default\\extensions\\pkedcjkdefgpdelpbcmbmeomcjbeemfm\\6718.423.0.0_0\\background_script.js.wncry"}
{"path": "files/9d86c1ac8ea4cddc_blue_gradient.jpg.wncry", "pids": [2084], "filepath": "c:\\users\\karina\\appdata\\local\\microsoft\\windows mail\\stationery\\blue_gradient.jpg.wncry"}
{"path": "files/d8489f8c16318e52_m_filipino.wnry", "pids": [2084], "filepath": "C:\\Users\\karina\\AppData\\Local\\Temp\\msg\\m_filipino.wnry"}
{"path": "files/674f3f1d7c3db72c_warnings.h.wncry", "pids": [2084], "filepath": "c:\\python27\\include\\warnings.h.wncry"}
{"path": "files/67e5e9b6f06c5442_hydrangeas.jpg.wncry", "pids": [2084], "filepath": "c:\\users\\public\\pictures\\sample pictures\\hydrangeas.jpg.wncry"}
{"path": "files/55dc94d375e1ef3f_185test.db.wncry", "pids": [2084], "filepath": "c:\\python27\\lib\\test\\185test.db.wncry"}
{"path": "files/74fc396c93d34055_pl.msg.wncry", "pids": [2084], "filepath": "c:\\python27\\tcl\\tcl8.5\\msgs\\pl.msg.wncry"}
{"path": "files/5bccb647cc858f1d_grzeatzivri.rtf.wncry", "pids": [2084], "filepath": "c:\\users\\karina\\documents\\grzeatzivri.rtf.wncry"}
{"path": "files/0e531ccd7af23770_es_pe.msg.wncry", "pids": [2084], "filepath": "c:\\python27\\tcl\\tcl8.5\\msgs\\es_pe.msg.wncry"}
{"path": "files/3229f8179e9a61a7_msg_18.txt.wncry", "pids": [2084], "filepath": "c:\\python27\\lib\\email\\test\\data\\msg_18.txt.wncry"}
{"path": "files/670c7ffd62254223_zipdir.zip.wncry", "pids": [2084], "filepath": "c:\\python27\\lib\\test\\zipdir.zip.wncry"}
{"path": "files/e4de929e5d068fd4_shift_jisx0213.txt.wncry", "pids": [2084], "filepath": "c:\\python27\\lib\\test\\cjkencodings\\shift_jisx0213.txt.wncry"}
{"path": "files/f081455352c491d1_timefuncs.h.wncry", "pids": [2084], "filepath": "c:\\python27\\include\\timefuncs.h.wncry"}
{"path": "files/f95547b0a2e6cc7b_wmdefault.txt.wncry", "pids": [2084], "filepath": "c:\\python27\\tcl\\tix8.4.3\\pref\\wmdefault.txt.wncry"}
{"path": "files/5be198ec610deb4f_euc_jp-utf8.txt.wncry", "pids": [2084], "filepath": "c:\\python27\\lib\\test\\cjkencodings\\euc_jp-utf8.txt.wncry"}
{"path": "files/8ce9d7035a2b1e58_index.txt.wncry", "pids": [2084], "filepath": "c:\\users\\karina\\appdata\\local\\google\\chrome\\user data\\default\\service worker\\cachestorage\\28da9c56fde4021055a681112c092453f74d8dd8\\index.txt.wncry"}
{"path": "files/34dceec5c14cc2c2_textfile.gif.wncry", "pids": [2084], "filepath": "c:\\python27\\tcl\\tix8.4.3\\bitmaps\\textfile.gif.wncry"}
{"path": "files/58a023de52e797f5_wrongcert.pem.wncry", "pids": [2084], "filepath": "c:\\python27\\lib\\test\\wrongcert.pem.wncry"}
{"path": "files/e4ab36fd96f80b7e_00000000.eky", "pids": [2084], "filepath": "C:\\Users\\karina\\AppData\\Local\\Temp\\00000000.eky"}
{"path": "files/5b3c264f4a64acba_codecs.h.wncry", "pids": [2084], "filepath": "c:\\python27\\include\\codecs.h.wncry"}
{"path": "files/9d797b564e3aadfb_mirroring_hangouts.js.wncry", "pids": [2084], "filepath": "c:\\users\\karina\\appdata\\local\\google\\chrome\\user data\\default\\extensions\\pkedcjkdefgpdelpbcmbmeomcjbeemfm\\6718.423.0.0_0\\mirroring_hangouts.js.wncry"}
{"path": "files/64b1cac2709d3261_logo64.gif.wncry", "pids": [2084], "filepath": "c:\\python27\\tcl\\tk8.5\\images\\logo64.gif.wncry"}
{"path": "files/7d76c58759da47dd_kok_in.msg.wncry", "pids": [2084], "filepath": "c:\\python27\\tcl\\tcl8.5\\msgs\\kok_in.msg.wncry"}
{"path": "files/25d36f80de29881c_connectivity.gif.wncry", "pids": [2084], "filepath": "c:\\users\\karina\\appdata\\local\\microsoft\\windows mail\\stationery\\connectivity.gif.wncry"}
{"path": "files/6f890118b65a7b68_thumbcache_32.db.wncry", "pids": [2084], "filepath": "c:\\users\\karina\\appdata\\local\\microsoft\\windows\\explorer\\thumbcache_32.db.wncry"}
{"path": "files/ceca15117e71600d_iso2022_jp-utf8.txt.wncry", "pids": [2084], "filepath": "c:\\python27\\lib\\test\\cjkencodings\\iso2022_jp-utf8.txt.wncry"}
{"path": "files/166c39c4f8b24719_be.msg.wncry", "pids": [2084], "filepath": "c:\\python27\\tcl\\tcl8.5\\msgs\\be.msg.wncry"}
{"path": "files/966e49862b862a42_msg_25.txt.wncry", "pids": [2084], "filepath": "c:\\python27\\lib\\email\\test\\data\\msg_25.txt.wncry"}
{"path": "files/800591ee9f86bf27_asdl.h.wncry", "pids": [2084], "filepath": "c:\\python27\\include\\asdl.h.wncry"}
{"path": "files/ac071a3b0ebcd592_idle_16.gif.wncry", "pids": [2084], "filepath": "c:\\python27\\lib\\idlelib\\icons\\idle_16.gif.wncry"}
{"path": "files/f58f1067b21e9ec1_plus.gif.wncry", "pids": [2084], "filepath": "c:\\python27\\tcl\\tix8.4.3\\bitmaps\\plus.gif.wncry"}
{"path": "files/b1a2bfc293f9bb02_ko_kr.msg.wncry", "pids": [2084], "filepath": "c:\\python27\\tcl\\tcl8.5\\msgs\\ko_kr.msg.wncry"}
{"path": "files/28ad2f923fcf4743_msg_26.txt.wncry", "pids": [2084], "filepath": "c:\\python27\\lib\\email\\test\\data\\msg_26.txt.wncry"}
{"path": "files/23fc3c7fd9f007cc_idle.bat.wncry", "pids": [2084], "filepath": "c:\\python27\\lib\\idlelib\\idle.bat.wncry"}
{"path": "files/eb21070349163998_f.wnry", "pids": [2084], "filepath": "C:\\Users\\karina\\AppData\\Local\\Temp\\f.wnry"}
{"path": "files/e225cfcc1bb70c66_msg_12.txt.wncry", "pids": [2084], "filepath": "c:\\python27\\lib\\email\\test\\data\\msg_12.txt.wncry"}
{"path": "files/f71ff95fc8c7107f_cellobject.h.wncry", "pids": [2084], "filepath": "c:\\python27\\include\\cellobject.h.wncry"}
{"path": "files/7b045f4bf922d26c_news.txt.wncry", "pids": [2084], "filepath": "c:\\python27\\lib\\idlelib\\news.txt.wncry"}
{"path": "files/fcdbea9468f676f0_hr.msg.wncry", "pids": [2084], "filepath": "c:\\python27\\tcl\\tcl8.5\\msgs\\hr.msg.wncry"}
{"path": "files/8a19ba09df686908_iterobject.h.wncry", "pids": [2084], "filepath": "c:\\python27\\include\\iterobject.h.wncry"}
{"path": "files/ad69c9cded5923fb_en.msg.wncry", "pids": [2084], "filepath": "c:\\python27\\tcl\\tk8.5\\demos\\en.msg.wncry"}
{"path": "files/26a628ac0b8cd4e0_pgen.h.wncry", "pids": [2084], "filepath": "c:\\python27\\include\\pgen.h.wncry"}
{"path": "files/c97e468f93179cf7_msg_17.txt.wncry", "pids": [2084], "filepath": "c:\\python27\\lib\\email\\test\\data\\msg_17.txt.wncry"}
{"path": "files/11d7d840bdfcc5c7_penguins.jpg.wncry", "pids": [2084], "filepath": "c:\\users\\public\\pictures\\sample pictures\\penguins.jpg.wncry"}
{"path": "files/4d85d7ccd58e8b8a_en_gb.msg.wncry", "pids": [2084], "filepath": "c:\\python27\\tcl\\tcl8.5\\msgs\\en_gb.msg.wncry"}
{"path": "files/061a84f0e8192043_folder.gif.wncry", "pids": [2084], "filepath": "c:\\python27\\tcl\\tix8.4.3\\bitmaps\\folder.gif.wncry"}
{"path": "files/cb5da96b3dfcf439_m_norwegian.wnry", "pids": [2084], "filepath": "C:\\Users\\karina\\AppData\\Local\\Temp\\msg\\m_norwegian.wnry"}
{"path": "files/60787a8afff16575_udzganrlxhnl.docx.wncry", "pids": [2084], "filepath": "c:\\users\\karina\\documents\\udzganrlxhnl.docx.wncry"}
{"path": "files/16dcba5dbfc00585_monet.jpg.wncry", "pids": [2084], "filepath": "c:\\users\\karina\\appdata\\local\\microsoft\\windows mail\\stationery\\monet.jpg.wncry"}
{"path": "files/cb4b27caa155ae4d_ms.msg.wncry", "pids": [2084], "filepath": "c:\\python27\\tcl\\tcl8.5\\msgs\\ms.msg.wncry"}
{"path": "files/4b09eabdcf18564a_pythread.h.wncry", "pids": [2084], "filepath": "c:\\python27\\include\\pythread.h.wncry"}
{"path": "files/cfea0188b1eda8df_cacert.pem.wncry", "pids": [2084], "filepath": "c:\\python27\\lib\\site-packages\\pip\\_vendor\\requests\\cacert.pem.wncry"}
{"path": "files/42d3ad65fbbc4e06_sv.msg.wncry", "pids": [2084], "filepath": "c:\\python27\\tcl\\tcl8.5\\msgs\\sv.msg.wncry"}
{"path": "files/db16e8c0ec2ccc59_pyfpe.h.wncry", "pids": [2084], "filepath": "c:\\python27\\include\\pyfpe.h.wncry"}
{"path": "files/147d73d08cb34dcd_unicodeobject.h.wncry", "pids": [2084], "filepath": "c:\\python27\\include\\unicodeobject.h.wncry"}
{"path": "files/e18fdd912dfe5b45_s.wnry", "pids": [2084], "filepath": "C:\\Users\\karina\\AppData\\Local\\Temp\\s.wnry"}
{"path": "files/55048f09887aefde_pystrcmp.h.wncry", "pids": [2084], "filepath": "c:\\python27\\include\\pystrcmp.h.wncry"}
{"path": "files/a2f418cac909bdf1_gcmxinptqk.ppt", "pids": [2084], "filepath": "C:\\Users\\karina\\Documents\\gcmxinPtqk.ppt"}
{"path": "files/99951585039bde19_jrauixsolg.doc.wncry", "pids": [2084], "filepath": "c:\\users\\karina\\documents\\jrauixsolg.doc.wncry"}
{"path": "files/2db3ca2d09a4fa04_en_zw.msg.wncry", "pids": [2084], "filepath": "c:\\python27\\tcl\\tcl8.5\\msgs\\en_zw.msg.wncry"}
{"path": "files/3308583467de2e57_osdefs.h.wncry", "pids": [2084], "filepath": "c:\\python27\\include\\osdefs.h.wncry"}
{"path": "files/e571656d0fb94d28_modsupport.h.wncry", "pids": [2084], "filepath": "c:\\python27\\include\\modsupport.h.wncry"}
{"path": "files/ac99dc2dbf24376c_greenbubbles.jpg.wncry", "pids": [2084], "filepath": "c:\\users\\karina\\appdata\\local\\microsoft\\windows mail\\stationery\\greenbubbles.jpg.wncry"}
{"path": "files/afebaff8d1c04025_msg_13.txt.wncry", "pids": [2084], "filepath": "c:\\python27\\lib\\email\\test\\data\\msg_13.txt.wncry"}
{"path": "files/76631c787f1a6c8b_thumbcache_96.db.wncry", "pids": [2084], "filepath": "c:\\users\\karina\\appdata\\local\\microsoft\\windows\\explorer\\thumbcache_96.db.wncry"}
{"path": "files/cd729ec8293a93a5_readme.txt.wncry", "pids": [2084], "filepath": "c:\\python27\\tools\\pynche\\readme.txt.wncry"}
{"path": "files/6f43fa5e18fdd76a_orwpszlypze.docx.wncry", "pids": [2084], "filepath": "c:\\users\\karina\\documents\\orwpszlypze.docx.wncry"}
{"path": "files/4c3138e9a522506c_allsans.pem.wncry", "pids": [2084], "filepath": "c:\\python27\\lib\\test\\allsans.pem.wncry"}
{"path": "files/67e1d8a104ce0504_grammar.txt.wncry", "pids": [2084], "filepath": "c:\\python27\\lib\\lib2to3\\grammar.txt.wncry"}
{"path": "files/dd7382c4595994b0_bwmqkrrsdq.txt.wncry", "pids": [2084], "filepath": "c:\\users\\karina\\documents\\bwmqkrrsdq.txt.wncry"}
{"path": "files/dc6f60a97e5b5d9a_gb18030-utf8.txt.wncry", "pids": [2084], "filepath": "c:\\python27\\lib\\test\\cjkencodings\\gb18030-utf8.txt.wncry"}
{"path": "files/38b96240d92cb52e_hhwiduhzjau.docx.wncry", "pids": [2084], "filepath": "c:\\users\\karina\\documents\\hhwiduhzjau.docx.wncry"}
{"path": "files/7f5213647a24b55c_hmhgbnklam.pptx", "pids": [2084], "filepath": "C:\\Users\\karina\\Documents\\HMhgbnkLAM.pptx"}
{"path": "files/229a78224760fd62_00000000.pky", "pids": [2084], "filepath": "C:\\Users\\karina\\AppData\\Local\\Temp\\00000000.pky"}
{"path": "files/4ee540949185e937_da.msg.wncry", "pids": [2084], "filepath": "c:\\python27\\tcl\\tk8.5\\msgs\\da.msg.wncry"}
{"path": "files/ccdbbdeb13ba373c_butfhxpoki.ppt", "pids": [2084], "filepath": "C:\\Users\\karina\\Documents\\BuTFhxPoKI.ppt"}
{"path": "files/945a03e32871133e_eo.msg.wncry", "pids": [2084], "filepath": "c:\\python27\\tcl\\tcl8.5\\msgs\\eo.msg.wncry"}
{"path": "files/62247bbc58332762_es_do.msg.wncry", "pids": [2084], "filepath": "c:\\python27\\tcl\\tcl8.5\\msgs\\es_do.msg.wncry"}
{"path": "files/a7bbd6976d0d0dff_news.txt.wncry", "pids": [2084], "filepath": "c:\\python27\\news.txt.wncry"}
{"path": "files/5ec58f5b3133f1d6_python.h.wncry", "pids": [2084], "filepath": "c:\\python27\\include\\python.h.wncry"}
{"path": "files/40720e20b562598d_es.msg.wncry", "pids": [2084], "filepath": "c:\\python27\\tcl\\tcl8.5\\msgs\\es.msg.wncry"}
{"path": "files/2202f3f9f0264aa4_0.wncryt", "pids": [2084], "filepath": "c:\\users\\karina\\appdata\\local\\temp\\0.wncryt"}
{"path": "files/1f6160caaa2e5b23_2.wncryt", "pids": [2084], "filepath": "c:\\users\\karina\\appdata\\local\\temp\\2.wncryt"}
{"path": "files/36fad939b457dc2c_tduxhisdgcist.txt.wncry", "pids": [2084], "filepath": "c:\\users\\karina\\documents\\tduxhisdgcist.txt.wncry"}
{"path": "files/0b4fb4a7303ba966_lt.msg.wncry", "pids": [2084], "filepath": "c:\\python27\\tcl\\tcl8.5\\msgs\\lt.msg.wncry"}
{"path": "files/6d2770ced3784fc7_vfbfvxynsihguynwf.ppt", "pids": [2084], "filepath": "C:\\Users\\karina\\Documents\\VfbFvXyNsiHGUyNWF.ppt"}
{"path": "files/31b50492e5574ab6_fr.msg.wncry", "pids": [2084], "filepath": "c:\\python27\\tcl\\tk8.5\\msgs\\fr.msg.wncry"}
{"path": "files/cdd2643e6872daa1_rdtkwxqovk.rtf.wncry", "pids": [2084], "filepath": "c:\\users\\karina\\documents\\rdtkwxqovk.rtf.wncry"}
{"path": "files/de6f5d083739bd8f_pyport.h.wncry", "pids": [2084], "filepath": "c:\\python27\\include\\pyport.h.wncry"}
{"path": "files/6f4a80b07cbb30f7_msg_39.txt.wncry", "pids": [2084], "filepath": "c:\\python27\\lib\\email\\test\\data\\msg_39.txt.wncry"}
{"path": "files/a499c638698fd016_es_cl.msg.wncry", "pids": [2084], "filepath": "c:\\python27\\tcl\\tcl8.5\\msgs\\es_cl.msg.wncry"}
{"path": "files/e7c0b255c8435cf3_pygetopt.h.wncry", "pids": [2084], "filepath": "c:\\python27\\include\\pygetopt.h.wncry"}
{"path": "files/84097d73578c9efa_dependency_links.txt.wncry", "pids": [2084], "filepath": "c:\\python27\\lib\\site-packages\\setuptools-39.0.1.dist-info\\dependency_links.txt.wncry"}
{"path": "files/3f33734b2d34cce8_m_croatian.wnry", "pids": [2084], "filepath": "C:\\Users\\karina\\AppData\\Local\\Temp\\msg\\m_croatian.wnry"}
{"path": "files/3fc462624c55ff1f_chrysanthemum.jpg.wncry", "pids": [2084], "filepath": "c:\\users\\public\\pictures\\sample pictures\\chrysanthemum.jpg.wncry"}
{"path": "files/6aa2652c58e62dc8_python-ast.h.wncry", "pids": [2084], "filepath": "c:\\python27\\include\\python-ast.h.wncry"}
{"path": "files/bcda36b7f7fa4ef4_eval.h.wncry", "pids": [2084], "filepath": "c:\\python27\\include\\eval.h.wncry"}
{"path": "files/5105f1a652fe3eec_thumbcache_1024.db.wncry", "pids": [2084], "filepath": "c:\\users\\karina\\appdata\\local\\microsoft\\windows\\explorer\\thumbcache_1024.db.wncry"}
{"path": "files/ac2aba559f28d6f4_bn.msg.wncry", "pids": [2084], "filepath": "c:\\python27\\tcl\\tcl8.5\\msgs\\bn.msg.wncry"}
{"path": "files/7827d57b50b9f9e8_peacock.jpg.wncry", "pids": [2084], "filepath": "c:\\users\\karina\\appdata\\local\\microsoft\\windows mail\\stationery\\peacock.jpg.wncry"}
{"path": "files/8f20d4258a8273cb_nnbqllszdrdnd.pptx.wncry", "pids": [2084], "filepath": "c:\\users\\karina\\documents\\nnbqllszdrdnd.pptx.wncry"}
{"path": "files/a09ff885dbb7f53a_psychedelic.jpg.wncry", "pids": [2084], "filepath": "c:\\users\\karina\\appdata\\local\\microsoft\\windows mail\\stationery\\psychedelic.jpg.wncry"}
{"path": "files/7f1104559643cd6d_28.wncryt", "pids": [2084], "filepath": "c:\\users\\karina\\appdata\\local\\temp\\28.wncryt"}
{"path": "files/064b92785dd2ca1d_20.wncryt", "pids": [2084], "filepath": "c:\\users\\karina\\appdata\\local\\temp\\20.wncryt"}
{"path": "files/6a0a15e4eb84b978_9.wncryt", "pids": [2084], "filepath": "c:\\users\\karina\\appdata\\local\\temp\\9.wncryt"}
{"path": "files/c38aec8f707bd808_26.wncryt", "pids": [2084], "filepath": "c:\\users\\karina\\appdata\\local\\temp\\26.wncryt"}
{"path": "files/59d224172f04b200_21.wncryt", "pids": [2084], "filepath": "c:\\users\\karina\\appdata\\local\\temp\\21.wncryt"}
{"path": "files/f56cb91f7ec2d966_15.wncryt", "pids": [2084], "filepath": "c:\\users\\karina\\appdata\\local\\temp\\15.wncryt"}
{"path": "files/ba6b7dfd39cc5f6f_35.wncryt", "pids": [2084], "filepath": "c:\\users\\karina\\appdata\\local\\temp\\35.wncryt"}
{"path": "files/e246185d93df04bb_19.wncryt", "pids": [2084], "filepath": "c:\\users\\karina\\appdata\\local\\temp\\19.wncryt"}
{"path": "files/e82c496dad808d2b_es.msg.wncry", "pids": [2084], "filepath": "c:\\python27\\tcl\\tk8.5\\msgs\\es.msg.wncry"}
{"path": "files/ccb360bd7b76cd25_mirroring_webrtc.js.wncry", "pids": [2084], "filepath": "c:\\users\\karina\\appdata\\local\\google\\chrome\\user data\\default\\extensions\\pkedcjkdefgpdelpbcmbmeomcjbeemfm\\6718.423.0.0_0\\mirroring_webrtc.js.wncry"}
{"path": "files/bf8bdbe236c6ac94_es_gt.msg.wncry", "pids": [2084], "filepath": "c:\\python27\\tcl\\tcl8.5\\msgs\\es_gt.msg.wncry"}
{"path": "files/a5d28f46727e74e2_kw.msg.wncry", "pids": [2084], "filepath": "c:\\python27\\tcl\\tcl8.5\\msgs\\kw.msg.wncry"}
{"path": "files/27553de14adb47a4_tctfqgmukvimly.doc.wncry", "pids": [2084], "filepath": "c:\\users\\karina\\documents\\tctfqgmukvimly.doc.wncry"}
{"path": "files/ffe1e77c57737fe2_brndlog.txt.wncry", "pids": [2084], "filepath": "c:\\users\\karina\\appdata\\local\\microsoft\\internet explorer\\brndlog.txt.wncry"}
{"path": "files/9bd38110e6523547_m_french.wnry", "pids": [2084], "filepath": "C:\\Users\\karina\\AppData\\Local\\Temp\\msg\\m_french.wnry"}
{"path": "files/9a75d2e82a272698_pymacconfig.h.wncry", "pids": [2084], "filepath": "c:\\python27\\include\\pymacconfig.h.wncry"}
{"path": "files/a0356696877f2d94_m_latvian.wnry", "pids": [2084], "filepath": "C:\\Users\\karina\\AppData\\Local\\Temp\\msg\\m_latvian.wnry"}
{"path": "files/04f656085dcbab09_desert.jpg.wncry", "pids": [2084], "filepath": "c:\\users\\public\\pictures\\sample pictures\\desert.jpg.wncry"}
{"path": "files/842f9f4c9f474675_29.wncryt", "pids": [2084], "filepath": "c:\\users\\karina\\appdata\\local\\temp\\29.wncryt"}
{"path": "files/e46235a6c18488bc_msg_05.txt.wncry", "pids": [2084], "filepath": "c:\\python27\\lib\\email\\test\\data\\msg_05.txt.wncry"}
{"path": "files/3b9d9b0568db1f8f_shift_jis.txt.wncry", "pids": [2084], "filepath": "c:\\python27\\lib\\test\\cjkencodings\\shift_jis.txt.wncry"}
{"path": "files/96038c9201dbb5d1_ga_ie.msg.wncry", "pids": [2084], "filepath": "c:\\python27\\tcl\\tcl8.5\\msgs\\ga_ie.msg.wncry"}
{"path": "files/562abc7747f33633_floatobject.h.wncry", "pids": [2084], "filepath": "c:\\python27\\include\\floatobject.h.wncry"}
{"path": "files/7333516960637216_graminit.h.wncry", "pids": [2084], "filepath": "c:\\python27\\include\\graminit.h.wncry"}
{"path": "files/56a831406cf4dc0f_fileobject.h.wncry", "pids": [2084], "filepath": "c:\\python27\\include\\fileobject.h.wncry"}
{"path": "files/1c646407532a9216_hmhgbnklam.pptx.wncry", "pids": [2084], "filepath": "c:\\users\\karina\\documents\\hmhgbnklam.pptx.wncry"}
{"path": "files/bb855fcf54810449_kw_gb.msg.wncry", "pids": [2084], "filepath": "c:\\python27\\tcl\\tcl8.5\\msgs\\kw_gb.msg.wncry"}
{"path": "files/1b8a15a252fde15e_setobject.h.wncry", "pids": [2084], "filepath": "c:\\python27\\include\\setobject.h.wncry"}
{"path": "files/dce05ac57e8b6b59_no_entry.gif.wncry", "pids": [2084], "filepath": "c:\\python27\\tcl\\tix8.4.3\\bitmaps\\no_entry.gif.wncry"}
{"path": "files/e9390ad4ed36c9a9_{afbf9f1a-8ee8-4c77-af34-c647e37ca0d9}.1.ver0x0000000000000005.db.wncry", "pids": [2084], "filepath": "c:\\users\\karina\\appdata\\local\\microsoft\\windows\\caches\\{afbf9f1a-8ee8-4c77-af34-c647e37ca0d9}.1.ver0x0000000000000005.db.wncry"}
{"path": "files/294c5be1ed6d94da_longintrepr.h.wncry", "pids": [2084], "filepath": "c:\\python27\\include\\longintrepr.h.wncry"}
{"path": "files/1eaa90921c0be041_1.wncryt", "pids": [2084], "filepath": "c:\\users\\karina\\appdata\\local\\temp\\1.wncryt"}
{"path": "files/f3853e532a3feef7_fr_ch.msg.wncry", "pids": [2084], "filepath": "c:\\python27\\tcl\\tcl8.5\\msgs\\fr_ch.msg.wncry"}
{"path": "files/487c7aa49ec484ed_qwqlcpibxlefrmt.txt.wncry", "pids": [2084], "filepath": "c:\\users\\karina\\documents\\qwqlcpibxlefrmt.txt.wncry"}
{"path": "files/aac4ac970ec47cd9_WelcomeScan.jpg", "pids": [], "filepath": "C:\\Users\\All Users\\Microsoft\\Windows NT\\MSScan\\WelcomeScan.jpg"}
{"path": "files/fb4f6f0e835fd526_kalimba.mp3.wncry", "pids": [2084], "filepath": "c:\\users\\public\\music\\sample music\\kalimba.mp3.wncry"}
{"path": "files/3b4629f4b0b9653c_shift_jis-utf8.txt.wncry", "pids": [2084], "filepath": "c:\\python27\\lib\\test\\cjkencodings\\shift_jis-utf8.txt.wncry"}
{"path": "files/3b31b1811802bfe1_gb18030.txt.wncry", "pids": [2084], "filepath": "c:\\python27\\lib\\test\\cjkencodings\\gb18030.txt.wncry"}
{"path": "files/8ad6281daaf13128_bufferobject.h.wncry", "pids": [2084], "filepath": "c:\\python27\\include\\bufferobject.h.wncry"}
{"path": "files/eb916cc6f9ac094a_lighthouse.jpg.wncry", "pids": [2084], "filepath": "c:\\users\\public\\pictures\\sample pictures\\lighthouse.jpg.wncry"}
{"path": "files/0cd390bee996578e_msg_40.txt.wncry", "pids": [2084], "filepath": "c:\\python27\\lib\\email\\test\\data\\msg_40.txt.wncry"}
{"path": "files/34135b1247e7b253_icon_16.png.wncry", "pids": [2084], "filepath": "c:\\users\\karina\\appdata\\local\\google\\chrome\\user data\\default\\extensions\\aapocclcgogkmnckokdopfmhonfmgoek\\0.10_0\\icon_16.png.wncry"}
{"path": "files/72301131a817a214_license.txt.wncry", "pids": [2084], "filepath": "c:\\python27\\lib\\site-packages\\setuptools-39.0.1.dist-info\\license.txt.wncry"}
{"path": "files/ca3812234e01e20e_sleep away.mp3.wncry", "pids": [2084], "filepath": "c:\\users\\public\\music\\sample music\\sleep away.mp3.wncry"}
{"path": "files/8efc76b84dd5d70f_18.wncryt", "pids": [2084], "filepath": "c:\\users\\karina\\appdata\\local\\temp\\18.wncryt"}
{"path": "files/78a70eb8474995df_pyctype.h.wncry", "pids": [2084], "filepath": "c:\\python27\\include\\pyctype.h.wncry"}
{"path": "files/519ad66009a6c127_m_polish.wnry", "pids": [2084], "filepath": "C:\\Users\\karina\\AppData\\Local\\Temp\\msg\\m_polish.wnry"}
{"path": "files/70fafb1b5a0a6edd_gray.cs.wncry", "pids": [2084], "filepath": "c:\\python27\\tcl\\tix8.4.3\\pref\\gray.cs.wncry"}
{"path": "files/f821c5ebb4859750_pyexpat.h.wncry", "pids": [2084], "filepath": "c:\\python27\\include\\pyexpat.h.wncry"}
{"path": "files/1d241bdecd8652a2_msg_01.txt.wncry", "pids": [2084], "filepath": "c:\\python27\\lib\\email\\test\\data\\msg_01.txt.wncry"}
{"path": "files/154651d90c3484fc_tulips.jpg.wncry", "pids": [2084], "filepath": "c:\\users\\public\\pictures\\sample pictures\\tulips.jpg.wncry"}
{"path": "files/845d0e178aeebd6c_m_chinese (simplified).wnry", "pids": [2084], "filepath": "C:\\Users\\karina\\AppData\\Local\\Temp\\msg\\m_chinese (simplified).wnry"}
{"path": "files/4dd22ab33c59f4ef_he.msg.wncry", "pids": [2084], "filepath": "c:\\python27\\tcl\\tcl8.5\\msgs\\he.msg.wncry"}
{"path": "files/26c5730b3a62edf7_msg_20.txt.wncry", "pids": [2084], "filepath": "c:\\python27\\lib\\email\\test\\data\\msg_20.txt.wncry"}
{"path": "files/85c41b1aa6c9e7ef_pwrdlogo200.gif.wncry", "pids": [2084], "filepath": "c:\\python27\\tcl\\tk8.5\\images\\pwrdlogo200.gif.wncry"}
{"path": "files/5e87455d1d46e136_license.txt.wncry", "pids": [2084], "filepath": "c:\\python27\\license.txt.wncry"}
{"path": "files/8fd8ca06c0addb82_icon_128.png.wncry", "pids": [2084], "filepath": "c:\\users\\karina\\appdata\\local\\google\\chrome\\user data\\default\\extensions\\felcaaldnbdncclmgdcncolpebgiejap\\1.2_0\\icon_128.png.wncry"}
{"path": "files/3f6e21b97ec44e95_fwddmmoscs.doc.wncry", "pids": [2084], "filepath": "c:\\users\\karina\\documents\\fwddmmoscs.doc.wncry"}
{"path": "files/647ebd6c38082466_karina@bing[2].txt.wncry", "pids": [2084], "filepath": "c:\\users\\karina\\appdata\\roaming\\microsoft\\windows\\cookies\\karina@bing[2].txt.wncry"}
{"path": "files/0f489b63b598e9bd_pybanner048.gif.wncry", "pids": [2084], "filepath": "c:\\python27\\lib\\email\\test\\data\\pybanner048.gif.wncry"}
{"path": "files/a7fc35cde0d122e8_ko.msg.wncry", "pids": [2084], "filepath": "c:\\python27\\tcl\\tcl8.5\\msgs\\ko.msg.wncry"}
{"path": "files/9487bc66d57a5b40_gb2312-utf8.txt.wncry", "pids": [2084], "filepath": "c:\\python27\\lib\\test\\cjkencodings\\gb2312-utf8.txt.wncry"}
{"path": "files/402751fa49e0cb68_r.wnry", "pids": [2084], "filepath": "C:\\Users\\karina\\AppData\\Local\\Temp\\r.wnry"}
{"path": "files/bc277bb753ff4aa5_readme.txt.wncry", "pids": [2084], "filepath": "c:\\python27\\readme.txt.wncry"}
{"path": "files/74f588d4b8a1935a_longobject.h.wncry", "pids": [2084], "filepath": "c:\\python27\\include\\longobject.h.wncry"}
{"path": "files/591fd37a8e339d9b_pystrtod.h.wncry", "pids": [2084], "filepath": "c:\\python27\\include\\pystrtod.h.wncry"}
{"path": "files/6f775a852ee4ba18_tclconfig.sh.wncry", "pids": [2084], "filepath": "c:\\python27\\tcl\\tclconfig.sh.wncry"}
{"path": "files/07fe7e6ae270e6bc_ceval.h.wncry", "pids": [2084], "filepath": "c:\\python27\\include\\ceval.h.wncry"}
{"path": "files/78485bb6c5d6148a_earth.gif.wncry", "pids": [2084], "filepath": "c:\\python27\\tcl\\tk8.5\\demos\\images\\earth.gif.wncry"}
{"path": "files/d4f543ace727c507_sl.msg.wncry", "pids": [2084], "filepath": "c:\\python27\\tcl\\tcl8.5\\msgs\\sl.msg.wncry"}
{"path": "files/bcef703f0ee88e38_mirroring_cast_streaming.js.wncry", "pids": [2084], "filepath": "c:\\users\\karina\\appdata\\local\\google\\chrome\\user data\\default\\extensions\\pkedcjkdefgpdelpbcmbmeomcjbeemfm\\6718.423.0.0_0\\mirroring_cast_streaming.js.wncry"}
{"path": "files/a3e166467340545a_mirroring_common.js.wncry", "pids": [2084], "filepath": "c:\\users\\karina\\appdata\\local\\google\\chrome\\user data\\default\\extensions\\pkedcjkdefgpdelpbcmbmeomcjbeemfm\\6718.423.0.0_0\\mirroring_common.js.wncry"}
{"path": "files/7a3193a844aaf996_sources.txt.wncry", "pids": [2084], "filepath": "c:\\python27\\lib\\site-packages\\pillow-5.2.0-py2.7.egg-info\\sources.txt.wncry"}
{"path": "files/3eacc71e99ddc02d_es_bo.msg.wncry", "pids": [2084], "filepath": "c:\\python27\\tcl\\tcl8.5\\msgs\\es_bo.msg.wncry"}
{"path": "files/df0e0e2608fe1cc4_cast_app_redirect.js.wncry", "pids": [2084], "filepath": "c:\\users\\karina\\appdata\\local\\google\\chrome\\user data\\default\\extensions\\pkedcjkdefgpdelpbcmbmeomcjbeemfm\\6718.423.0.0_0\\cast_setup\\cast_app_redirect.js.wncry"}
{"path": "files/11984532b109dddf_zh_cn.msg.wncry", "pids": [2084], "filepath": "c:\\python27\\tcl\\tcl8.5\\msgs\\zh_cn.msg.wncry"}
{"path": "files/28c58fe3ee2e1687_msg_35.txt.wncry", "pids": [2084], "filepath": "c:\\python27\\lib\\email\\test\\data\\msg_35.txt.wncry"}
{"path": "files/338990927e1ea47e_warning.gif.wncry", "pids": [2084], "filepath": "c:\\python27\\tcl\\tix8.4.3\\bitmaps\\warning.gif.wncry"}
{"path": "files/ba276053fa4d92d2_structmember.h.wncry", "pids": [2084], "filepath": "c:\\python27\\include\\structmember.h.wncry"}
{"path": "files/d3e8d47e8c1622ec_background.png", "pids": [], "filepath": "C:\\Users\\All Users\\Microsoft\\Device Stage\\Device\\{113527a4-45d4-4b6f-b567-97838f1b04b0}\\background.png"}
{"path": "files/609824cc9c4f6c26_device.png", "pids": [], "filepath": "C:\\Users\\All Users\\Microsoft\\Device Stage\\Device\\{113527a4-45d4-4b6f-b567-97838f1b04b0}\\device.png"}
{"path": "files/5c5b0de42d55486e_overlay.png", "pids": [], "filepath": "C:\\Users\\All Users\\Microsoft\\Device Stage\\Device\\{113527a4-45d4-4b6f-b567-97838f1b04b0}\\overlay.png"}
{"path": "files/0f35ace5268db339_superbar.png", "pids": [], "filepath": "C:\\Users\\All Users\\Microsoft\\Device Stage\\Device\\{113527a4-45d4-4b6f-b567-97838f1b04b0}\\superbar.png"}
{"path": "files/89dc8bca74e69e00_main.js.wncry", "pids": [2084], "filepath": "c:\\users\\karina\\appdata\\local\\google\\chrome\\user data\\default\\extensions\\aapocclcgogkmnckokdopfmhonfmgoek\\0.10_0\\main.js.wncry"}
{"path": "files/8bf0705e02cfee44_usertile10.bmp", "pids": [], "filepath": "C:\\Users\\All Users\\Microsoft\\User Account Pictures\\Default Pictures\\usertile10.bmp"}
{"path": "files/b3de971f88cdd821_usertile11.bmp", "pids": [], "filepath": "C:\\Users\\All Users\\Microsoft\\User Account Pictures\\Default Pictures\\usertile11.bmp"}
{"path": "files/96a7352a3a51d1a1_usertile12.bmp", "pids": [], "filepath": "C:\\Users\\All Users\\Microsoft\\User Account Pictures\\Default Pictures\\usertile12.bmp"}
{"path": "files/18d6564632c7a550_usertile13.bmp", "pids": [], "filepath": "C:\\Users\\All Users\\Microsoft\\User Account Pictures\\Default Pictures\\usertile13.bmp"}
{"path": "files/665784bf5a2b6813_usertile14.bmp", "pids": [], "filepath": "C:\\Users\\All Users\\Microsoft\\User Account Pictures\\Default Pictures\\usertile14.bmp"}
{"path": "files/f120cb4f7f753941_usertile15.bmp", "pids": [], "filepath": "C:\\Users\\All Users\\Microsoft\\User Account Pictures\\Default Pictures\\usertile15.bmp"}
{"path": "files/0618d6fc5a05288b_usertile16.bmp", "pids": [], "filepath": "C:\\Users\\All Users\\Microsoft\\User Account Pictures\\Default Pictures\\usertile16.bmp"}
{"path": "files/4a468603fdcb7a2e_taskdl.exe", "pids": [2084], "filepath": "C:\\Users\\karina\\AppData\\Local\\Temp\\taskdl.exe"}
{"path": "files/687c04622874c93c_cave_drawings.gif.wncry", "pids": [2084], "filepath": "c:\\users\\karina\\appdata\\local\\microsoft\\windows mail\\stationery\\cave_drawings.gif.wncry"}
{"path": "files/d5fdcea164623910_import.h.wncry", "pids": [2084], "filepath": "c:\\python27\\include\\import.h.wncry"}
{"path": "files/95418c4fb9e781f1_iso2022_kr-utf8.txt.wncry", "pids": [2084], "filepath": "c:\\python27\\lib\\test\\cjkencodings\\iso2022_kr-utf8.txt.wncry"}
{"path": "files/8f8598f40c78dd04_nl.msg.wncry", "pids": [2084], "filepath": "c:\\python27\\tcl\\tcl8.5\\msgs\\nl.msg.wncry"}
{"path": "files/f662950df39c4a31_es_pa.msg.wncry", "pids": [2084], "filepath": "c:\\python27\\tcl\\tcl8.5\\msgs\\es_pa.msg.wncry"}
{"path": "files/d14e60a3dd4bc368_tupleobject.h.wncry", "pids": [2084], "filepath": "c:\\python27\\include\\tupleobject.h.wncry"}
{"path": "files/a66e9041673b5ddb_tiki.gif.wncry", "pids": [2084], "filepath": "c:\\users\\karina\\appdata\\local\\microsoft\\windows mail\\stationery\\tiki.gif.wncry"}
{"path": "files/79bf1e908adae44f_kl_gl.msg.wncry", "pids": [2084], "filepath": "c:\\python27\\tcl\\tcl8.5\\msgs\\kl_gl.msg.wncry"}
{"path": "files/c2abe271053ab667_msg_10.txt.wncry", "pids": [2084], "filepath": "c:\\python27\\lib\\email\\test\\data\\msg_10.txt.wncry"}
{"path": "files/076936b38b7054fe_floating_points.txt.wncry", "pids": [2084], "filepath": "c:\\python27\\lib\\test\\floating_points.txt.wncry"}
{"path": "files/2cf9a7cfdf7e58d1_pwrdlogo175.gif.wncry", "pids": [2084], "filepath": "c:\\python27\\tcl\\tk8.5\\images\\pwrdlogo175.gif.wncry"}
{"path": "files/690958ed855399a4_msg_33.txt.wncry", "pids": [2084], "filepath": "c:\\python27\\lib\\email\\test\\data\\msg_33.txt.wncry"}
{"path": "files/fd649443fcd4415f_en_in.msg.wncry", "pids": [2084], "filepath": "c:\\python27\\tcl\\tcl8.5\\msgs\\en_in.msg.wncry"}
{"path": "files/b15e93bea59f785b_zh_tw.msg.wncry", "pids": [2084], "filepath": "c:\\python27\\tcl\\tcl8.5\\msgs\\zh_tw.msg.wncry"}
{"path": "files/901c4ef88da82abb_wrinkled_paper.gif.wncry", "pids": [2084], "filepath": "c:\\users\\karina\\appdata\\local\\microsoft\\windows mail\\stationery\\wrinkled_paper.gif.wncry"}
{"path": "files/9aed1ddd37b054c8_top_level.txt.wncry", "pids": [2084], "filepath": "c:\\python27\\lib\\site-packages\\pip-9.0.3.dist-info\\top_level.txt.wncry"}
{"path": "files/9a4ed674dca14545_moduleobject.h.wncry", "pids": [2084], "filepath": "c:\\python27\\include\\moduleobject.h.wncry"}
{"path": "files/6099d3562df0c72d_structseq.h.wncry", "pids": [2084], "filepath": "c:\\python27\\include\\structseq.h.wncry"}
{"path": "files/b633e58cd5b32398_usertile17.bmp", "pids": [], "filepath": "C:\\Users\\All Users\\Microsoft\\User Account Pictures\\Default Pictures\\usertile17.bmp"}
{"path": "files/6e5c3dc5bb4b5c54_nl.msg.wncry", "pids": [2084], "filepath": "c:\\python27\\tcl\\tk8.5\\msgs\\nl.msg.wncry"}
{"path": "files/21f78265cec4cb4d_msg_04.txt.wncry", "pids": [2084], "filepath": "c:\\python27\\lib\\email\\test\\data\\msg_04.txt.wncry"}
{"path": "files/6bbf34f0077af4f4_bears.jpg.wncry", "pids": [2084], "filepath": "c:\\users\\karina\\appdata\\local\\microsoft\\windows mail\\stationery\\bears.jpg.wncry"}
{"path": "files/364d3c6cbd3465d5_pyconfig.h.wncry", "pids": [2084], "filepath": "c:\\python27\\include\\pyconfig.h.wncry"}
{"path": "files/40b37e7b80cf678d_m_bulgarian.wnry", "pids": [2084], "filepath": "C:\\Users\\karina\\AppData\\Local\\Temp\\msg\\m_bulgarian.wnry"}
{"path": "files/8f9e830c1a8916a7_python.bmp.wncry", "pids": [2084], "filepath": "c:\\python27\\lib\\test\\imghdrdata\\python.bmp.wncry"}
{"path": "files/c4f29badd19810a5_es_ni.msg.wncry", "pids": [2084], "filepath": "c:\\python27\\tcl\\tcl8.5\\msgs\\es_ni.msg.wncry"}
{"path": "files/caf96308f5b80a76_folder.gif.wncry", "pids": [2084], "filepath": "c:\\python27\\lib\\idlelib\\icons\\folder.gif.wncry"}
{"path": "files/9bad0702afd2bda4_5.wncryt", "pids": [2084], "filepath": "c:\\users\\karina\\appdata\\local\\temp\\5.wncryt"}
{"path": "files/ae70f0a28a96c3ec_cs.msg.wncry", "pids": [2084], "filepath": "c:\\python27\\tcl\\tk8.5\\msgs\\cs.msg.wncry"}
{"path": "files/9d6daaf23f6e5f1f_ar_in.msg.wncry", "pids": [2084], "filepath": "c:\\python27\\tcl\\tcl8.5\\msgs\\ar_in.msg.wncry"}
{"path": "files/63bf9b317ce94a24_de.msg.wncry", "pids": [2084], "filepath": "c:\\python27\\tcl\\tcl8.5\\msgs\\de.msg.wncry"}
{"path": "files/6db650836d64350b_m_turkish.wnry", "pids": [2084], "filepath": "C:\\Users\\karina\\AppData\\Local\\Temp\\msg\\m_turkish.wnry"}
{"path": "files/f72f8c1d1b3d4839_descrobject.h.wncry", "pids": [2084], "filepath": "c:\\python27\\include\\descrobject.h.wncry"}
{"path": "files/e0e09a3eeebaa94f_msg_45.txt.wncry", "pids": [2084], "filepath": "c:\\python27\\lib\\email\\test\\data\\msg_45.txt.wncry"}
{"path": "files/d89744da1ebe771e_pt.msg.wncry", "pids": [2084], "filepath": "c:\\python27\\tcl\\tcl8.5\\msgs\\pt.msg.wncry"}
{"path": "files/1e6fd031e1b65459_minus.gif.wncry", "pids": [2084], "filepath": "c:\\python27\\tcl\\tix8.4.3\\bitmaps\\minus.gif.wncry"}
{"path": "files/92806870ecfed6b0_hu.msg.wncry", "pids": [2084], "filepath": "c:\\python27\\tcl\\tk8.5\\msgs\\hu.msg.wncry"}
{"path": "files/bfcef374580f9ee1_readme.txt.wncry", "pids": [2084], "filepath": "c:\\python27\\tools\\webchecker\\readme.txt.wncry"}
{"path": "files/70c0f32ed379ae89_m_romanian.wnry", "pids": [2084], "filepath": "C:\\Users\\karina\\AppData\\Local\\Temp\\msg\\m_romanian.wnry"}
{"path": "files/2e6c724b2aae1602_usertile18.bmp", "pids": [], "filepath": "C:\\Users\\All Users\\Microsoft\\User Account Pictures\\Default Pictures\\usertile18.bmp"}
{"path": "files/108db47d004addd5_thumbcache_256.db.wncry", "pids": [2084], "filepath": "c:\\users\\karina\\appdata\\local\\microsoft\\windows\\explorer\\thumbcache_256.db.wncry"}
{"path": "files/80134f6d607ea57b_usertile19.bmp", "pids": [], "filepath": "C:\\Users\\All Users\\Microsoft\\User Account Pictures\\Default Pictures\\usertile19.bmp"}
{"path": "files/7defc9af8087ee56_usertile20.bmp", "pids": [], "filepath": "C:\\Users\\All Users\\Microsoft\\User Account Pictures\\Default Pictures\\usertile20.bmp"}
{"path": "files/a3cd9a8fd1b7ce58_feedback_script.js.wncry", "pids": [2084], "filepath": "c:\\users\\karina\\appdata\\local\\google\\chrome\\user data\\default\\extensions\\pkedcjkdefgpdelpbcmbmeomcjbeemfm\\6718.423.0.0_0\\feedback_script.js.wncry"}
{"path": "files/fb14f66455caa4e0_icon_128.png.wncry", "pids": [2084], "filepath": "c:\\users\\karina\\appdata\\local\\google\\chrome\\user data\\default\\extensions\\nmmhkkegccagdldgiimedpiccmgmieda\\1.0.0.4_0\\images\\icon_128.png.wncry"}
{"path": "files/2bf97ce70b49cf0c_es_ar.msg.wncry", "pids": [2084], "filepath": "c:\\python27\\tcl\\tcl8.5\\msgs\\es_ar.msg.wncry"}
{"path": "files/7c093b37ad3b8238_exception_hierarchy.txt.wncry", "pids": [2084], "filepath": "c:\\python27\\lib\\test\\exception_hierarchy.txt.wncry"}
{"path": "files/b0544374efc52567_sysmodule.h.wncry", "pids": [2084], "filepath": "c:\\python27\\include\\sysmodule.h.wncry"}
{"path": "files/5390f7d563c5b20e_entry_points.txt.wncry", "pids": [2084], "filepath": "c:\\python27\\lib\\site-packages\\pip-9.0.3.dist-info\\entry_points.txt.wncry"}
{"path": "files/98caf69e058d1422_act_fold.gif.wncry", "pids": [2084], "filepath": "c:\\python27\\tcl\\tix8.4.3\\bitmaps\\act_fold.gif.wncry"}
{"path": "files/00f68f072318a992_euc_jisx0213.txt.wncry", "pids": [2084], "filepath": "c:\\python27\\lib\\test\\cjkencodings\\euc_jisx0213.txt.wncry"}
{"path": "files/770bbecb2201c252_page_embed_script.js.wncry", "pids": [2084], "filepath": "c:\\users\\karina\\appdata\\local\\google\\chrome\\user data\\default\\extensions\\ghbmnnjooekpmoecnnnilnnbdlolhkhi\\1.4_0\\page_embed_script.js.wncry"}
{"path": "files/c4a708418c6e3154_8.wncryt", "pids": [2084], "filepath": "c:\\users\\karina\\appdata\\local\\temp\\8.wncryt"}
{"path": "files/3d15453114900d32_gl.msg.wncry", "pids": [2084], "filepath": "c:\\python27\\tcl\\tcl8.5\\msgs\\gl.msg.wncry"}
{"path": "files/fccc495e942ef4d3_24.wncryt", "pids": [2084], "filepath": "c:\\users\\karina\\appdata\\local\\temp\\24.wncryt"}
{"path": "files/f9a99ced04567469_ta_in.msg.wncry", "pids": [2084], "filepath": "c:\\python27\\tcl\\tcl8.5\\msgs\\ta_in.msg.wncry"}
{"path": "files/79e9c9342cadd433_te_in.msg.wncry", "pids": [2084], "filepath": "c:\\python27\\tcl\\tcl8.5\\msgs\\te_in.msg.wncry"}
{"path": "files/13248fde6c300667_usertile21.bmp", "pids": [], "filepath": "C:\\Users\\All Users\\Microsoft\\User Account Pictures\\Default Pictures\\usertile21.bmp"}
{"path": "files/9dde341957aa40a4_usertile22.bmp", "pids": [], "filepath": "C:\\Users\\All Users\\Microsoft\\User Account Pictures\\Default Pictures\\usertile22.bmp"}
{"path": "files/45cb42b4550193dd_12.wncryt", "pids": [2084], "filepath": "c:\\users\\karina\\appdata\\local\\temp\\12.wncryt"}
{"path": "files/fec9aafbd19c3dac_usertile23.bmp", "pids": [], "filepath": "C:\\Users\\All Users\\Microsoft\\User Account Pictures\\Default Pictures\\usertile23.bmp"}
{"path": "files/eaed558d6439df7f_usertile24.bmp", "pids": [], "filepath": "C:\\Users\\All Users\\Microsoft\\User Account Pictures\\Default Pictures\\usertile24.bmp"}
{"path": "files/92cc16e48749309c_usertile25.bmp", "pids": [], "filepath": "C:\\Users\\All Users\\Microsoft\\User Account Pictures\\Default Pictures\\usertile25.bmp"}
{"path": "files/410fd53c9634965c_usertile26.bmp", "pids": [], "filepath": "C:\\Users\\All Users\\Microsoft\\User Account Pictures\\Default Pictures\\usertile26.bmp"}
{"path": "files/cff71b59c648f096_usertile27.bmp", "pids": [], "filepath": "C:\\Users\\All Users\\Microsoft\\User Account Pictures\\Default Pictures\\usertile27.bmp"}
{"path": "files/a341b43e0a07fcb9_usertile28.bmp", "pids": [], "filepath": "C:\\Users\\All Users\\Microsoft\\User Account Pictures\\Default Pictures\\usertile28.bmp"}
{"path": "files/75de8e9eb7a045c4_usertile29.bmp", "pids": [], "filepath": "C:\\Users\\All Users\\Microsoft\\User Account Pictures\\Default Pictures\\usertile29.bmp"}
{"path": "files/e69f8ed2ba8b1bf7_usertile30.bmp", "pids": [], "filepath": "C:\\Users\\All Users\\Microsoft\\User Account Pictures\\Default Pictures\\usertile30.bmp"}
{"path": "files/622d8defdd6b6abd_usertile31.bmp", "pids": [], "filepath": "C:\\Users\\All Users\\Microsoft\\User Account Pictures\\Default Pictures\\usertile31.bmp"}
{"path": "files/8aa19482c048d562_usertile32.bmp", "pids": [], "filepath": "C:\\Users\\All Users\\Microsoft\\User Account Pictures\\Default Pictures\\usertile32.bmp"}
{"path": "files/973dade5897208ac_usertile33.bmp", "pids": [], "filepath": "C:\\Users\\All Users\\Microsoft\\User Account Pictures\\Default Pictures\\usertile33.bmp"}
{"path": "files/45035faa302ab6a4_usertile34.bmp", "pids": [], "filepath": "C:\\Users\\All Users\\Microsoft\\User Account Pictures\\Default Pictures\\usertile34.bmp"}
{"path": "files/b0c2252a53340d41_usertile35.bmp", "pids": [], "filepath": "C:\\Users\\All Users\\Microsoft\\User Account Pictures\\Default Pictures\\usertile35.bmp"}
{"path": "files/e7e85353e559a647_usertile36.bmp", "pids": [], "filepath": "C:\\Users\\All Users\\Microsoft\\User Account Pictures\\Default Pictures\\usertile36.bmp"}
{"path": "files/c238df51bf8d9f5d_usertile37.bmp", "pids": [], "filepath": "C:\\Users\\All Users\\Microsoft\\User Account Pictures\\Default Pictures\\usertile37.bmp"}
{"path": "files/bad04b1a9e50673c_usertile38.bmp", "pids": [], "filepath": "C:\\Users\\All Users\\Microsoft\\User Account Pictures\\Default Pictures\\usertile38.bmp"}
{"path": "files/45f0957a66fcb8fb_usertile39.bmp", "pids": [], "filepath": "C:\\Users\\All Users\\Microsoft\\User Account Pictures\\Default Pictures\\usertile39.bmp"}
{"path": "files/419b5f32629b747a_usertile40.bmp", "pids": [], "filepath": "C:\\Users\\All Users\\Microsoft\\User Account Pictures\\Default Pictures\\usertile40.bmp"}
{"path": "files/34894323ff69b693_usertile41.bmp", "pids": [], "filepath": "C:\\Users\\All Users\\Microsoft\\User Account Pictures\\Default Pictures\\usertile41.bmp"}
{"path": "files/1732b081443d1e29_usertile42.bmp", "pids": [], "filepath": "C:\\Users\\All Users\\Microsoft\\User Account Pictures\\Default Pictures\\usertile42.bmp"}
{"path": "files/6403db3597d8f331_usertile43.bmp", "pids": [], "filepath": "C:\\Users\\All Users\\Microsoft\\User Account Pictures\\Default Pictures\\usertile43.bmp"}
{"path": "files/22326779f5599fe8_usertile44.bmp", "pids": [], "filepath": "C:\\Users\\All Users\\Microsoft\\User Account Pictures\\Default Pictures\\usertile44.bmp"}
{"path": "files/4a4c026852659981_WelcomeFax.tif", "pids": [], "filepath": "C:\\Users\\All Users\\Microsoft\\Windows NT\\MSFax\\VirtualInbox\\en-US\\WelcomeFax.tif"}
{"path": "files/ac83a9be78b23443_sv.msg.wncry", "pids": [2084], "filepath": "c:\\python27\\tcl\\tk8.5\\msgs\\sv.msg.wncry"}
{"path": "files/f65fae3495c09c38_nb.msg.wncry", "pids": [2084], "filepath": "c:\\python27\\tcl\\tcl8.5\\msgs\\nb.msg.wncry"}
{"path": "files/e9465ee90ea8405d_keycert3.pem.wncry", "pids": [2084], "filepath": "c:\\python27\\lib\\test\\keycert3.pem.wncry"}
{"path": "files/72f20024b2f69b45_m_spanish.wnry", "pids": [2084], "filepath": "C:\\Users\\karina\\AppData\\Local\\Temp\\msg\\m_spanish.wnry"}
{"path": "files/ddd66f1faeca2ecf_ru_ua.msg.wncry", "pids": [2084], "filepath": "c:\\python27\\tcl\\tcl8.5\\msgs\\ru_ua.msg.wncry"}
{"path": "files/a11901b464fbf216_nl.msg.wncry", "pids": [2084], "filepath": "c:\\python27\\tcl\\tk8.5\\demos\\nl.msg.wncry"}
{"path": "files/2c4e6e936add4fcf_datetime.h.wncry", "pids": [2084], "filepath": "c:\\python27\\include\\datetime.h.wncry"}
{"path": "files/60b3459df45c814a_cast_app.js.wncry", "pids": [2084], "filepath": "c:\\users\\karina\\appdata\\local\\google\\chrome\\user data\\default\\extensions\\pkedcjkdefgpdelpbcmbmeomcjbeemfm\\6718.423.0.0_0\\cast_setup\\cast_app.js.wncry"}
{"path": "files/5b97cd6dbc831726_zh_hk.msg.wncry", "pids": [2084], "filepath": "c:\\python27\\tcl\\tcl8.5\\msgs\\zh_hk.msg.wncry"}
{"path": "files/271ef4913bc6c872_xzpaxebnyjlezalv.docm.wncry", "pids": [2084], "filepath": "c:\\users\\karina\\documents\\xzpaxebnyjlezalv.docm.wncry"}
{"path": "files/7f90feeec7847484_big5hkscs.txt.wncry", "pids": [2084], "filepath": "c:\\python27\\lib\\test\\cjkencodings\\big5hkscs.txt.wncry"}
{"path": "files/03c73ea308440e94_abstract.h.wncry", "pids": [2084], "filepath": "c:\\python27\\include\\abstract.h.wncry"}
{"path": "files/630f834a3217f2c7_bg.msg.wncry", "pids": [2084], "filepath": "c:\\python27\\tcl\\tcl8.5\\msgs\\bg.msg.wncry"}
{"path": "files/c4380e9eea71a96f_tr.msg.wncry", "pids": [2084], "filepath": "c:\\python27\\tcl\\tcl8.5\\msgs\\tr.msg.wncry"}
{"path": "files/3cd1a99824766b3c_main.js.wncry", "pids": [2084], "filepath": "c:\\users\\karina\\appdata\\local\\google\\chrome\\user data\\default\\extensions\\felcaaldnbdncclmgdcncolpebgiejap\\1.2_0\\main.js.wncry"}
{"path": "files/7bc5b872185d0f43_msg_43.txt.wncry", "pids": [2084], "filepath": "c:\\python27\\lib\\email\\test\\data\\msg_43.txt.wncry"}
{"path": "files/ae249d1de3d7cc88_en_nz.msg.wncry", "pids": [2084], "filepath": "c:\\python27\\tcl\\tcl8.5\\msgs\\en_nz.msg.wncry"}
{"path": "files/c2fb596baca2e8e9_icon_16.png.wncry", "pids": [2084], "filepath": "c:\\users\\karina\\appdata\\local\\google\\chrome\\user data\\default\\extensions\\felcaaldnbdncclmgdcncolpebgiejap\\1.2_0\\icon_16.png.wncry"}
{"path": "files/6d6a582ecf922392_cobject.h.wncry", "pids": [2084], "filepath": "c:\\python27\\include\\cobject.h.wncry"}
{"path": "files/4fa007b8471b31a4_en_au.msg.wncry", "pids": [2084], "filepath": "c:\\python27\\tcl\\tcl8.5\\msgs\\en_au.msg.wncry"}
{"path": "files/5afa4753afa048c6_m_czech.wnry", "pids": [2084], "filepath": "C:\\Users\\karina\\AppData\\Local\\Temp\\msg\\m_czech.wnry"}
{"path": "files/aaa64b96b07ef1a5_msg_14.txt.wncry", "pids": [2084], "filepath": "c:\\python27\\lib\\email\\test\\data\\msg_14.txt.wncry"}
{"path": "files/48cee4596c3b0c77_msg_11.txt.wncry", "pids": [2084], "filepath": "c:\\python27\\lib\\email\\test\\data\\msg_11.txt.wncry"}
{"path": "files/9218dd845adcecfa_128.png.wncry", "pids": [2084], "filepath": "c:\\users\\karina\\appdata\\local\\google\\chrome\\user data\\default\\extensions\\pjkljhegncpnkpknbcohdijeoejaedia\\8.1_0\\128.png.wncry"}
{"path": "files/58bb8f84b17bf98b_boolobject.h.wncry", "pids": [2084], "filepath": "c:\\python27\\include\\boolobject.h.wncry"}
{"path": "files/927a8f1aadfe7840_hi.msg.wncry", "pids": [2084], "filepath": "c:\\python27\\tcl\\tcl8.5\\msgs\\hi.msg.wncry"}
{"path": "files/283a0787fb307fa4_msg_41.txt.wncry", "pids": [2084], "filepath": "c:\\python27\\lib\\email\\test\\data\\msg_41.txt.wncry"}
{"path": "files/b9dad24991c3db63_dependency_links.txt.wncry", "pids": [2084], "filepath": "c:\\python27\\lib\\site-packages\\pillow-5.2.0-py2.7.egg-info\\dependency_links.txt.wncry"}
{"path": "files/8c8ecb396053f62f_tk.cs.wncry", "pids": [2084], "filepath": "c:\\python27\\tcl\\tix8.4.3\\pref\\tk.cs.wncry"}
{"path": "files/a5f6d5531b32db7f_34.wncryt", "pids": [2084], "filepath": "c:\\users\\karina\\appdata\\local\\temp\\34.wncryt"}
{"path": "files/c7ce07b2655d135d_pluck-pcm32.wav.wncry", "pids": [2084], "filepath": "c:\\python27\\lib\\test\\audiodata\\pluck-pcm32.wav.wncry"}
{"path": "files/5177ce22709a1478_sand_paper.jpg.wncry", "pids": [2084], "filepath": "c:\\users\\karina\\appdata\\local\\microsoft\\windows mail\\stationery\\sand_paper.jpg.wncry"}
{"path": "files/69855a0c33bdd48d_orangecircles.jpg.wncry", "pids": [2084], "filepath": "c:\\users\\karina\\appdata\\local\\microsoft\\windows mail\\stationery\\orangecircles.jpg.wncry"}
{"path": "files/c1b356aa634e664c_angular.js.wncry", "pids": [2084], "filepath": "c:\\users\\karina\\appdata\\local\\google\\chrome\\user data\\default\\extensions\\pkedcjkdefgpdelpbcmbmeomcjbeemfm\\6718.423.0.0_0\\angular.js.wncry"}
{"path": "files/324e14580d56a34f_iso2022_jp.txt.wncry", "pids": [2084], "filepath": "c:\\python27\\lib\\test\\cjkencodings\\iso2022_jp.txt.wncry"}
{"path": "files/0eb0ab26542d27ad_cstringio.h.wncry", "pids": [2084], "filepath": "c:\\python27\\include\\cstringio.h.wncry"}
{"path": "files/66c4a506abfab2fe_karina@google[1].txt.wncry", "pids": [2084], "filepath": "c:\\users\\karina\\appdata\\roaming\\microsoft\\windows\\cookies\\karina@google[1].txt.wncry"}
{"path": "files/de916a27b0f95864_gl_es.msg.wncry", "pids": [2084], "filepath": "c:\\python27\\tcl\\tcl8.5\\msgs\\gl_es.msg.wncry"}
{"path": "files/a8ef8dd13d319894_readme.txt.wncry", "pids": [2084], "filepath": "c:\\python27\\lib\\idlelib\\idle_test\\readme.txt.wncry"}
{"path": "files/6c403a89cec2cd08_pymath.h.wncry", "pids": [2084], "filepath": "c:\\python27\\include\\pymath.h.wncry"}
{"path": "files/bdbf2b2cffc6b37c_16.wncryt", "pids": [2084], "filepath": "c:\\users\\karina\\appdata\\local\\temp\\16.wncryt"}
{"path": "files/c3d07719af6044cb_traceback.h.wncry", "pids": [2084], "filepath": "c:\\python27\\include\\traceback.h.wncry"}
{"path": "files/c260faeebc5e60b1_garden.jpg.wncry", "pids": [2084], "filepath": "c:\\users\\karina\\appdata\\local\\microsoft\\windows mail\\stationery\\garden.jpg.wncry"}
{"path": "files/454715f28474b745_en_be.msg.wncry", "pids": [2084], "filepath": "c:\\python27\\tcl\\tcl8.5\\msgs\\en_be.msg.wncry"}
{"path": "files/c591cef1aeb4f5d3_22.wncryt", "pids": [2084], "filepath": "c:\\users\\karina\\appdata\\local\\temp\\22.wncryt"}
{"path": "files/97a9c2ce09724c1b_craw_background.js.wncry", "pids": [2084], "filepath": "c:\\users\\karina\\appdata\\local\\google\\chrome\\user data\\default\\extensions\\nmmhkkegccagdldgiimedpiccmgmieda\\1.0.0.4_0\\craw_background.js.wncry"}
{"path": "files/373fbd186c602430_ru.msg.wncry", "pids": [2084], "filepath": "c:\\python27\\tcl\\tk8.5\\msgs\\ru.msg.wncry"}
{"path": "files/25e8ed0211bfc768_msg_03.txt.wncry", "pids": [2084], "filepath": "c:\\python27\\lib\\email\\test\\data\\msg_03.txt.wncry"}
{"path": "files/0bd3601c6524ecb8_zrquqxutwkvy.docm.wncry", "pids": [2084], "filepath": "c:\\users\\karina\\documents\\zrquqxutwkvy.docm.wncry"}
{"path": "files/967bd50b13981a0f_idle_48.gif.wncry", "pids": [2084], "filepath": "c:\\python27\\lib\\idlelib\\icons\\idle_48.gif.wncry"}
{"path": "files/8e4387a801be5b8d_bytes_methods.h.wncry", "pids": [2084], "filepath": "c:\\python27\\include\\bytes_methods.h.wncry"}
{"path": "files/99aa1519c0858061_fhwpdzxsch.docm.wncry", "pids": [2084], "filepath": "c:\\users\\karina\\documents\\fhwpdzxsch.docm.wncry"}
{"path": "files/66ec6a181da92213_grammar.h.wncry", "pids": [2084], "filepath": "c:\\python27\\include\\grammar.h.wncry"}
{"path": "files/ff98031f34ba3de8_patchlevel.h.wncry", "pids": [2084], "filepath": "c:\\python27\\include\\patchlevel.h.wncry"}
{"path": "files/1301812bd7a64f04_gcmxinptqk.ppt.wncry", "pids": [2084], "filepath": "c:\\users\\karina\\documents\\gcmxinptqk.ppt.wncry"}
{"path": "files/44f0dd776dcc5bbe_node.h.wncry", "pids": [2084], "filepath": "c:\\python27\\include\\node.h.wncry"}
{"path": "files/9fac1d0c930dec8b_fi.msg.wncry", "pids": [2084], "filepath": "c:\\python27\\tcl\\tcl8.5\\msgs\\fi.msg.wncry"}
{"path": "files/36f9e67f0b33abec_webcolors.txt.wncry", "pids": [2084], "filepath": "c:\\python27\\tools\\pynche\\webcolors.txt.wncry"}
{"path": "files/97fc13b75574a337_da.msg.wncry", "pids": [2084], "filepath": "c:\\python27\\tcl\\tcl8.5\\msgs\\da.msg.wncry"}
{"path": "files/cc2c73de33f9c8c7_autoexec.bat.wncry", "pids": [2084], "filepath": "c:\\autoexec.bat.wncry"}
{"path": "files/e64178e339c8e10e_m_slovak.wnry", "pids": [2084], "filepath": "C:\\Users\\karina\\AppData\\Local\\Temp\\msg\\m_slovak.wnry"}
{"path": "files/04616ee17668cb01_testtar.tar.wncry", "pids": [2084], "filepath": "c:\\python27\\lib\\test\\testtar.tar.wncry"}
{"path": "files/f15bd5fd8bb41b83_msg_30.txt.wncry", "pids": [2084], "filepath": "c:\\python27\\lib\\email\\test\\data\\msg_30.txt.wncry"}
{"path": "files/497bfd99db534735_pycapsule.h.wncry", "pids": [2084], "filepath": "c:\\python27\\include\\pycapsule.h.wncry"}
{"path": "files/a3f1e10461fe2102_karina@www.bing[1].txt.wncry", "pids": [2084], "filepath": "c:\\users\\karina\\appdata\\roaming\\microsoft\\windows\\cookies\\karina@www.bing[1].txt.wncry"}
{"path": "files/ff0e7b4b85c0bfe8_en_gb.msg.wncry", "pids": [2084], "filepath": "c:\\python27\\tcl\\tk8.5\\msgs\\en_gb.msg.wncry"}
{"path": "files/0abd3817b9887e88_vfbfvxynsihguynwf.ppt.wncry", "pids": [2084], "filepath": "c:\\users\\karina\\documents\\vfbfvxynsihguynwf.ppt.wncry"}
{"path": "files/9b4ccbd5a80baf21_es_uy.msg.wncry", "pids": [2084], "filepath": "c:\\python27\\tcl\\tcl8.5\\msgs\\es_uy.msg.wncry"}
{"path": "files/eabbb37c91f10b5b_ta.msg.wncry", "pids": [2084], "filepath": "c:\\python27\\tcl\\tcl8.5\\msgs\\ta.msg.wncry"}
{"path": "files/c8c31531f24f47fd_errcode.h.wncry", "pids": [2084], "filepath": "c:\\python27\\include\\errcode.h.wncry"}
{"path": "files/c9e701b649903534_pluck-pcm24.wav.wncry", "pids": [2084], "filepath": "c:\\python27\\lib\\test\\audiodata\\pluck-pcm24.wav.wncry"}
{"path": "files/35c366ac8c05cd67_thumbcache_sr.db.wncry", "pids": [2084], "filepath": "c:\\users\\karina\\appdata\\local\\microsoft\\windows\\explorer\\thumbcache_sr.db.wncry"}
{"path": "files/e7aa4ffe124d1d32_msg_42.txt.wncry", "pids": [2084], "filepath": "c:\\python27\\lib\\email\\test\\data\\msg_42.txt.wncry"}
{"path": "files/b1138e9a47519686_genobject.h.wncry", "pids": [2084], "filepath": "c:\\python27\\include\\genobject.h.wncry"}
{"path": "files/a7fbcc8964827228_en_ca.msg.wncry", "pids": [2084], "filepath": "c:\\python27\\tcl\\tcl8.5\\msgs\\en_ca.msg.wncry"}
{"path": "files/f14a655dd4bf8d09_chromecast_logo_grey.png.wncry", "pids": [2084], "filepath": "c:\\users\\karina\\appdata\\local\\google\\chrome\\user data\\default\\extensions\\pkedcjkdefgpdelpbcmbmeomcjbeemfm\\6718.423.0.0_0\\cast_setup\\chromecast_logo_grey.png.wncry"}
{"path": "files/88a51c62f6143ba6_128.png.wncry", "pids": [2084], "filepath": "c:\\users\\karina\\appdata\\local\\google\\chrome\\user data\\default\\extensions\\ghbmnnjooekpmoecnnnilnnbdlolhkhi\\1.4_0\\128.png.wncry"}
{"path": "files/213d0f36e7da415d_ast.h.wncry", "pids": [2084], "filepath": "c:\\python27\\include\\ast.h.wncry"}
{"path": "files/3d1b4b688dd0c77e_thumbcache_idx.db.wncry", "pids": [2084], "filepath": "c:\\users\\karina\\appdata\\local\\microsoft\\windows\\explorer\\thumbcache_idx.db.wncry"}
{"path": "files/20deb87d63036b5f_27.wncryt", "pids": [2084], "filepath": "c:\\users\\karina\\appdata\\local\\temp\\27.wncryt"}
{"path": "files/97ebce49b14c46be_t.wnry", "pids": [2084], "filepath": "C:\\Users\\karina\\AppData\\Local\\Temp\\t.wnry"}
{"path": "files/12dbf92cbb7bc3fb_uk.msg.wncry", "pids": [2084], "filepath": "c:\\python27\\tcl\\tcl8.5\\msgs\\uk.msg.wncry"}
{"path": "files/baa412534b7129b7_rmeoqwpnqjjfruk.pptx.wncry", "pids": [2084], "filepath": "c:\\users\\karina\\documents\\rmeoqwpnqjjfruk.pptx.wncry"}
{"path": "files/a18ef5933391c803_is.msg.wncry", "pids": [2084], "filepath": "c:\\python27\\tcl\\tcl8.5\\msgs\\is.msg.wncry"}
{"path": "files/f49c754c62d359a7_credits.txt.wncry", "pids": [2084], "filepath": "c:\\python27\\lib\\idlelib\\credits.txt.wncry"}
{"path": "files/552aa0f82f37c960_m_korean.wnry", "pids": [2084], "filepath": "C:\\Users\\karina\\AppData\\Local\\Temp\\msg\\m_korean.wnry"}
{"path": "files/2a53eb7c74f5bef9_msg_12a.txt.wncry", "pids": [2084], "filepath": "c:\\python27\\lib\\email\\test\\data\\msg_12a.txt.wncry"}
{"path": "files/23e5e738aad10fb8_m_indonesian.wnry", "pids": [2084], "filepath": "C:\\Users\\karina\\AppData\\Local\\Temp\\msg\\m_indonesian.wnry"}
{"path": "files/7a72b242ef92fcfc_dh1024.pem.wncry", "pids": [2084], "filepath": "c:\\python27\\lib\\test\\dh1024.pem.wncry"}
{"path": "files/c9cedabea52c0857_pwrdlogo75.gif.wncry", "pids": [2084], "filepath": "c:\\python27\\tcl\\tk8.5\\images\\pwrdlogo75.gif.wncry"}
{"path": "files/912d2a4b656206ef_badkey.pem.wncry", "pids": [2084], "filepath": "c:\\python27\\lib\\test\\badkey.pem.wncry"}
{"path": "files/aef5b7cb02a56d47_msg_36.txt.wncry", "pids": [2084], "filepath": "c:\\python27\\lib\\email\\test\\data\\msg_36.txt.wncry"}
{"path": "files/9beddbbc5c396426_metagrammar.h.wncry", "pids": [2084], "filepath": "c:\\python27\\include\\metagrammar.h.wncry"}
{"path": "files/53e23683a448088f_7.wncryt", "pids": [2084], "filepath": "c:\\users\\karina\\appdata\\local\\temp\\7.wncryt"}
{"path": "files/9381d5b5f994aff7_lv.msg.wncry", "pids": [2084], "filepath": "c:\\python27\\tcl\\tcl8.5\\msgs\\lv.msg.wncry"}
{"path": "files/0f26a193ddae53e3_badcert.pem.wncry", "pids": [2084], "filepath": "c:\\python27\\lib\\test\\badcert.pem.wncry"}
{"path": "files/b7439a54d2853b57_logo100.gif.wncry", "pids": [2084], "filepath": "c:\\python27\\tcl\\tk8.5\\images\\logo100.gif.wncry"}
{"path": "files/68b30fb6e87eee05_mr.msg.wncry", "pids": [2084], "filepath": "c:\\python27\\tcl\\tcl8.5\\msgs\\mr.msg.wncry"}
{"path": "files/a12e092f023b0b20_kauzitbuveln.pptx.wncry", "pids": [2084], "filepath": "c:\\users\\karina\\documents\\kauzitbuveln.pptx.wncry"}
{"path": "files/50ab7cf747cfcc1b_python.tiff.wncry", "pids": [2084], "filepath": "c:\\python27\\lib\\test\\imghdrdata\\python.tiff.wncry"}
{"path": "files/67806738d2635ea1_topbar_floating_button_pressed.png.wncry", "pids": [2084], "filepath": "c:\\users\\karina\\appdata\\local\\google\\chrome\\user data\\default\\extensions\\nmmhkkegccagdldgiimedpiccmgmieda\\1.0.0.4_0\\images\\topbar_floating_button_pressed.png.wncry"}
{"path": "files/4db83ee47101df23_pythonrun.h.wncry", "pids": [2084], "filepath": "c:\\python27\\include\\pythonrun.h.wncry"}
{"path": "files/2dadb26bc84f3f30_built-in building blocks.dotx.wncry", "pids": [2084], "filepath": "c:\\users\\karina\\appdata\\roaming\\microsoft\\document building blocks\\1033\\15\\built-in building blocks.dotx.wncry"}
{"path": "files/7453ead6638f1691_bgdezcipip.rtf.wncry", "pids": [2084], "filepath": "c:\\users\\karina\\documents\\bgdezcipip.rtf.wncry"}
{"path": "files/4d6a0abae7eb5f1d_id_id.msg.wncry", "pids": [2084], "filepath": "c:\\python27\\tcl\\tcl8.5\\msgs\\id_id.msg.wncry"}
{"path": "files/3967af2cf0cafde6_earthris.gif.wncry", "pids": [2084], "filepath": "c:\\python27\\tcl\\tk8.5\\demos\\images\\earthris.gif.wncry"}
{"path": "files/60113bc752f01c0d_hu.msg.wncry", "pids": [2084], "filepath": "c:\\python27\\tcl\\tcl8.5\\msgs\\hu.msg.wncry"}
{"path": "files/af6215aeefe2dd49_sq.msg.wncry", "pids": [2084], "filepath": "c:\\python27\\tcl\\tcl8.5\\msgs\\sq.msg.wncry"}
{"path": "files/56cc1a0a5445167e_@wanadecryptor@.exe.lnk", "pids": [336], "filepath": "C:\\Users\\karina\\AppData\\Local\\Temp\\@WanaDecryptor@.exe.lnk"}
{"path": "files/0f9807c4aa97b62c_koala.jpg.wncry", "pids": [2084], "filepath": "c:\\users\\public\\pictures\\sample pictures\\koala.jpg.wncry"}
{"path": "files/8d9e0ef3be6aaf66_butfhxpoki.ppt.wncry", "pids": [2084], "filepath": "c:\\users\\karina\\documents\\butfhxpoki.ppt.wncry"}
{"path": "files/d5e0e8694ddc0548_b.wnry", "pids": [2084], "filepath": "C:\\Users\\karina\\AppData\\Local\\Temp\\b.wnry"}
{"path": "files/58f29addf41d951f_tkwin.cs.wncry", "pids": [2084], "filepath": "c:\\python27\\tcl\\tix8.4.3\\pref\\tkwin.cs.wncry"}
{"path": "files/4ff3055224cf610d_entry_points.txt.wncry", "pids": [2084], "filepath": "c:\\python27\\lib\\site-packages\\setuptools-39.0.1.dist-info\\entry_points.txt.wncry"}
{"path": "files/ffa1ed230513b4db_formatfloat_testcases.txt.wncry", "pids": [2084], "filepath": "c:\\python27\\lib\\test\\formatfloat_testcases.txt.wncry"}
{"path": "files/7ee992d0f9f80a62_srcfile.gif.wncry", "pids": [2084], "filepath": "c:\\python27\\tcl\\tix8.4.3\\bitmaps\\srcfile.gif.wncry"}
{"path": "files/fbabb498b3227b74_msg_34.txt.wncry", "pids": [2084], "filepath": "c:\\python27\\lib\\email\\test\\data\\msg_34.txt.wncry"}
{"path": "files/8e6059aa4ac221a3_karina@doubleclick[1].txt.wncry", "pids": [2084], "filepath": "c:\\users\\karina\\appdata\\roaming\\microsoft\\windows\\cookies\\karina@doubleclick[1].txt.wncry"}
{"path": "files/dc02eb1dbd89c28d_keycert.passwd.pem.wncry", "pids": [2084], "filepath": "c:\\python27\\lib\\test\\keycert.passwd.pem.wncry"}
{"path": "files/7eb90ac645c198ca_es_co.msg.wncry", "pids": [2084], "filepath": "c:\\python27\\tcl\\tcl8.5\\msgs\\es_co.msg.wncry"}
{"path": "files/3feed7735761b1d7_30.wncryt", "pids": [2084], "filepath": "c:\\users\\karina\\appdata\\local\\temp\\30.wncryt"}
{"path": "files/b9c5d4339809e0ad_u.wnry", "pids": [2084], "filepath": "C:\\Users\\karina\\AppData\\Local\\Temp\\u.wnry"}
{"path": "files/ffd138be108510a8_code.h.wncry", "pids": [2084], "filepath": "c:\\python27\\include\\code.h.wncry"}
{"path": "files/c551e840bac528a0_icon_16.png.wncry", "pids": [2084], "filepath": "c:\\users\\karina\\appdata\\local\\google\\chrome\\user data\\default\\extensions\\nmmhkkegccagdldgiimedpiccmgmieda\\1.0.0.4_0\\images\\icon_16.png.wncry"}
{"path": "files/0a41b2a0e38fe93c_fa.msg.wncry", "pids": [2084], "filepath": "c:\\python27\\tcl\\tcl8.5\\msgs\\fa.msg.wncry"}
{"path": "files/19060bf7291659ca_iso2022_kr.txt.wncry", "pids": [2084], "filepath": "c:\\python27\\lib\\test\\cjkencodings\\iso2022_kr.txt.wncry"}
{"path": "files/1f21838b244c80f8_m_vietnamese.wnry", "pids": [2084], "filepath": "C:\\Users\\karina\\AppData\\Local\\Temp\\msg\\m_vietnamese.wnry"}
{"path": "files/e2969ed38a1dcecb_es_sv.msg.wncry", "pids": [2084], "filepath": "c:\\python27\\tcl\\tcl8.5\\msgs\\es_sv.msg.wncry"}
{"path": "files/498e1e4982d79a6f_gv.msg.wncry", "pids": [2084], "filepath": "c:\\python27\\tcl\\tcl8.5\\msgs\\gv.msg.wncry"}
{"path": "files/515d110e748d6891_msg_08.txt.wncry", "pids": [2084], "filepath": "c:\\python27\\lib\\email\\test\\data\\msg_08.txt.wncry"}
{"path": "files/2adc900fafa9938d_m_german.wnry", "pids": [2084], "filepath": "C:\\Users\\karina\\AppData\\Local\\Temp\\msg\\m_german.wnry"}
{"path": "files/a587df8844349ce8_msg_32.txt.wncry", "pids": [2084], "filepath": "c:\\python27\\lib\\email\\test\\data\\msg_32.txt.wncry"}
{"path": "files/023128a3f96a841a_mt.msg.wncry", "pids": [2084], "filepath": "c:\\python27\\tcl\\tcl8.5\\msgs\\mt.msg.wncry"}
{"path": "files/8aa807615264da43_gbk.txt.wncry", "pids": [2084], "filepath": "c:\\python27\\lib\\test\\cjkencodings\\gbk.txt.wncry"}
{"path": "files/d8b4068e779bfb99_topbar_floating_button.png.wncry", "pids": [2084], "filepath": "c:\\users\\karina\\appdata\\local\\google\\chrome\\user data\\default\\extensions\\nmmhkkegccagdldgiimedpiccmgmieda\\1.0.0.4_0\\images\\topbar_floating_button.png.wncry"}
{"path": "files/a653662d4fb72af6_euc_jp.txt.wncry", "pids": [2084], "filepath": "c:\\python27\\lib\\test\\cjkencodings\\euc_jp.txt.wncry"}
{"path": "files/d71f5c4c8d5e1bf9_en_ph.msg.wncry", "pids": [2084], "filepath": "c:\\python27\\tcl\\tcl8.5\\msgs\\en_ph.msg.wncry"}
{"path": "files/7ccaf6d705a481fe_ucnhash.h.wncry", "pids": [2084], "filepath": "c:\\python27\\include\\ucnhash.h.wncry"}
{"path": "files/d4fe9e749e53f804_euc_kr-utf8.txt.wncry", "pids": [2084], "filepath": "c:\\python27\\lib\\test\\cjkencodings\\euc_kr-utf8.txt.wncry"}
{"path": "files/9e606bf103664f8a_sw.msg.wncry", "pids": [2084], "filepath": "c:\\python27\\tcl\\tcl8.5\\msgs\\sw.msg.wncry"}
{"path": "files/7b939add91c52628_python.jpg.wncry", "pids": [2084], "filepath": "c:\\python27\\lib\\test\\imghdrdata\\python.jpg.wncry"}
{"path": "files/6f8313583a2f038d_es_pr.msg.wncry", "pids": [2084], "filepath": "c:\\python27\\tcl\\tcl8.5\\msgs\\es_pr.msg.wncry"}
{"path": "files/43c3d0035e80f598_et.msg.wncry", "pids": [2084], "filepath": "c:\\python27\\tcl\\tcl8.5\\msgs\\et.msg.wncry"}
{"path": "files/0510fe196d13a742_contentscript_bin_prod.js.wncry", "pids": [2084], "filepath": "c:\\users\\karina\\appdata\\local\\google\\chrome\\user data\\default\\extensions\\ghbmnnjooekpmoecnnnilnnbdlolhkhi\\1.4_0\\contentscript_bin_prod.js.wncry"}
{"path": "files/c87488c506075c46_namedcolors.txt.wncry", "pids": [2084], "filepath": "c:\\python27\\tools\\pynche\\namedcolors.txt.wncry"}
{"path": "files/7a88ce7d88dda7d0_pymem.h.wncry", "pids": [2084], "filepath": "c:\\python27\\include\\pymem.h.wncry"}
{"path": "files/fa0669516aaaed57_eu.msg.wncry", "pids": [2084], "filepath": "c:\\python27\\tcl\\tcl8.5\\msgs\\eu.msg.wncry"}
{"path": "files/7e3730eebe0b1d6b_pymactoolbox.h.wncry", "pids": [2084], "filepath": "c:\\python27\\include\\pymactoolbox.h.wncry"}
{"path": "files/55d2c57527a10c4f_sr.msg.wncry", "pids": [2084], "filepath": "c:\\python27\\tcl\\tcl8.5\\msgs\\sr.msg.wncry"}
{"path": "files/fc8c66481bff7d31_pystate.h.wncry", "pids": [2084], "filepath": "c:\\python27\\include\\pystate.h.wncry"}
{"path": "files/7e491e7b48d6e34f_m_japanese.wnry", "pids": [2084], "filepath": "C:\\Users\\karina\\AppData\\Local\\Temp\\msg\\m_japanese.wnry"}
{"path": "files/2c58a4687a463623_pine_lumber.jpg.wncry", "pids": [2084], "filepath": "c:\\users\\karina\\appdata\\local\\microsoft\\windows mail\\stationery\\pine_lumber.jpg.wncry"}
{"path": "files/93ee1a51676ecb4f_de.msg.wncry", "pids": [2084], "filepath": "c:\\python27\\tcl\\tk8.5\\msgs\\de.msg.wncry"}
{"path": "files/052536710d70da0b_rbyngfhpuzsf.rtf.wncry", "pids": [2084], "filepath": "c:\\users\\karina\\documents\\rbyngfhpuzsf.rtf.wncry"}
{"path": "files/3fa9097bb1a8ba54_classobject.h.wncry", "pids": [2084], "filepath": "c:\\python27\\include\\classobject.h.wncry"}
{"path": "files/aea9edca68e61d33_help.txt.wncry", "pids": [2084], "filepath": "c:\\python27\\lib\\idlelib\\help.txt.wncry"}
{"path": "files/94fd8906514abe7c_enumobject.h.wncry", "pids": [2084], "filepath": "c:\\python27\\include\\enumobject.h.wncry"}
{"path": "files/988b4de8227c23b2_normal.dotm.wncry", "pids": [2084], "filepath": "c:\\users\\karina\\appdata\\roaming\\microsoft\\templates\\normal.dotm.wncry"}
{"path": "files/1721c8eb3e140459_it_ch.msg.wncry", "pids": [2084], "filepath": "c:\\python27\\tcl\\tcl8.5\\msgs\\it_ch.msg.wncry"}
{"path": "files/75775fd2f90ea257_notebook.jpg.wncry", "pids": [2084], "filepath": "c:\\users\\karina\\appdata\\local\\microsoft\\windows mail\\stationery\\notebook.jpg.wncry"}
{"path": "files/33c470c36abdc870_sgigray.cs.wncry", "pids": [2084], "filepath": "c:\\python27\\tcl\\tix8.4.3\\pref\\sgigray.cs.wncry"}
{"path": "files/349a5774303c91bd_bitset.h.wncry", "pids": [2084], "filepath": "c:\\python27\\include\\bitset.h.wncry"}
{"path": "files/3b6a0b04634e716f_vssgzjdvudj.doc.wncry", "pids": [2084], "filepath": "c:\\users\\karina\\documents\\vssgzjdvudj.doc.wncry"}
{"path": "files/37e1171be596169a_es_ec.msg.wncry", "pids": [2084], "filepath": "c:\\python27\\tcl\\tcl8.5\\msgs\\es_ec.msg.wncry"}
{"path": "files/b43f4612aae2e7dc_otpkyipdirxgt.txt.wncry", "pids": [2084], "filepath": "c:\\users\\karina\\documents\\otpkyipdirxgt.txt.wncry"}
{"path": "files/9ae458f593e6e4c6_mr_in.msg.wncry", "pids": [2084], "filepath": "c:\\python27\\tcl\\tcl8.5\\msgs\\mr_in.msg.wncry"}
{"path": "files/2ff27f0217addf55_es_hn.msg.wncry", "pids": [2084], "filepath": "c:\\python27\\tcl\\tcl8.5\\msgs\\es_hn.msg.wncry"}
{"path": "files/539ca4b9cdb34db5_shadesofblue.jpg.wncry", "pids": [2084], "filepath": "c:\\users\\karina\\appdata\\local\\microsoft\\windows mail\\stationery\\shadesofblue.jpg.wncry"}
{"path": "files/c39df45008e861b1_iconcache.db.wncry", "pids": [2084], "filepath": "c:\\users\\karina\\appdata\\local\\iconcache.db.wncry"}
{"path": "files/840ab19c411c918e_@please_read_me@.txt", "pids": [2084], "filepath": "C:\\Users\\karina\\AppData\\Local\\Temp\\@Please_Read_Me@.txt"}
{"path": "files/b5357f5cf6df45e8_stars.jpg.wncry", "pids": [2084], "filepath": "c:\\users\\karina\\appdata\\local\\microsoft\\windows mail\\stationery\\stars.jpg.wncry"}
{"path": "files/6e150e0a1c242e81_128.png.wncry", "pids": [2084], "filepath": "c:\\users\\karina\\appdata\\local\\google\\chrome\\user data\\default\\extensions\\blpcfgokakmgnkcojhhkbfbldkacnbeo\\4.2.8_0\\128.png.wncry"}
{"path": "files/15172019557580d6_blue.cs.wncry", "pids": [2084], "filepath": "c:\\python27\\tcl\\tix8.4.3\\pref\\blue.cs.wncry"}
{"path": "files/17ae54d35c9c4b9e_4.wncryt", "pids": [2084], "filepath": "c:\\users\\karina\\appdata\\local\\temp\\4.wncryt"}
{"path": "files/3308dc3d194f4d9e_icon_16.png.wncry", "pids": [2084], "filepath": "c:\\users\\karina\\appdata\\local\\google\\chrome\\user data\\default\\extensions\\aohghmighlieiainnegkcijnfilokake\\0.10_0\\icon_16.png.wncry"}
{"path": "files/5b2f97b2a1a786a8_ar_jo.msg.wncry", "pids": [2084], "filepath": "c:\\python27\\tcl\\tcl8.5\\msgs\\ar_jo.msg.wncry"}
{"path": "files/21821862b4734cc3_parsetok.h.wncry", "pids": [2084], "filepath": "c:\\python27\\include\\parsetok.h.wncry"}
{"path": "files/ae2240be161146a8_zh.msg.wncry", "pids": [2084], "filepath": "c:\\python27\\tcl\\tcl8.5\\msgs\\zh.msg.wncry"}
{"path": "files/fcc88c92cb1f39f8_bytearrayobject.h.wncry", "pids": [2084], "filepath": "c:\\python27\\include\\bytearrayobject.h.wncry"}
{"path": "files/459c642a936549eb_el.msg.wncry", "pids": [2084], "filepath": "c:\\python27\\tcl\\tk8.5\\msgs\\el.msg.wncry"}
{"path": "files/43f47532d79a1634_symtable.h.wncry", "pids": [2084], "filepath": "c:\\python27\\include\\symtable.h.wncry"}
{"path": "files/3a0f3172db79384f_00000000.res", "pids": [2084], "filepath": "C:\\Users\\karina\\AppData\\Local\\Temp\\00000000.res"}
{"path": "files/d2a1beb406181915_14.wncryt", "pids": [2084], "filepath": "c:\\users\\karina\\appdata\\local\\temp\\14.wncryt"}
{"path": "files/e1b71e2dae86e264_msg_16.txt.wncry", "pids": [2084], "filepath": "c:\\python27\\lib\\email\\test\\data\\msg_16.txt.wncry"}
{"path": "files/49f2c739e7d9745c_m_italian.wnry", "pids": [2084], "filepath": "C:\\Users\\karina\\AppData\\Local\\Temp\\msg\\m_italian.wnry"}
{"path": "files/72c15b0a24110aa2_craw_window.js.wncry", "pids": [2084], "filepath": "c:\\users\\karina\\appdata\\local\\google\\chrome\\user data\\default\\extensions\\nmmhkkegccagdldgiimedpiccmgmieda\\1.0.0.4_0\\craw_window.js.wncry"}
{"path": "files/83a6eefd13b2b790_math_testcases.txt.wncry", "pids": [2084], "filepath": "c:\\python27\\lib\\test\\math_testcases.txt.wncry"}
{"path": "files/050ac9e89d99a37e_pydebug.h.wncry", "pids": [2084], "filepath": "c:\\python27\\include\\pydebug.h.wncry"}
{"path": "files/dcaface3f8979a40_icon_128.png.wncry", "pids": [2084], "filepath": "c:\\users\\karina\\appdata\\local\\google\\chrome\\user data\\default\\extensions\\aapocclcgogkmnckokdopfmhonfmgoek\\0.10_0\\icon_128.png.wncry"}
{"path": "files/bdda7ccd0b40bd7b_empty.vbs.wncry", "pids": [2084], "filepath": "c:\\python27\\lib\\test\\empty.vbs.wncry"}
{"path": "files/603d4345deca3316_ja.msg.wncry", "pids": [2084], "filepath": "c:\\python27\\tcl\\tcl8.5\\msgs\\ja.msg.wncry"}
{"path": "files/cbdaaf1a1a66618a_cp949.txt.wncry", "pids": [2084], "filepath": "c:\\python27\\lib\\test\\cjkencodings\\cp949.txt.wncry"}
{"path": "files/5ab0979c05a85ad7_es_mx.msg.wncry", "pids": [2084], "filepath": "c:\\python27\\tcl\\tcl8.5\\msgs\\es_mx.msg.wncry"}
{"path": "files/2144ac8decb784ca_compile.h.wncry", "pids": [2084], "filepath": "c:\\python27\\include\\compile.h.wncry"}
{"path": "files/01bd62af4be19e68_af_za.msg.wncry", "pids": [2084], "filepath": "c:\\python27\\tcl\\tcl8.5\\msgs\\af_za.msg.wncry"}
{"path": "files/54c3c80f0bb4aef4_ssl_key.passwd.pem.wncry", "pids": [2084], "filepath": "c:\\python27\\lib\\test\\ssl_key.passwd.pem.wncry"}
{"path": "files/ebdbeda4311dd86b_en.msg.wncry", "pids": [2084], "filepath": "c:\\python27\\tcl\\tk8.5\\msgs\\en.msg.wncry"}
{"path": "files/fab0b7c87b09a0c3_hi_in.msg.wncry", "pids": [2084], "filepath": "c:\\python27\\tcl\\tcl8.5\\msgs\\hi_in.msg.wncry"}
{"path": "files/e95a591186662cac_hz.txt.wncry", "pids": [2084], "filepath": "c:\\python27\\lib\\test\\cjkencodings\\hz.txt.wncry"}
{"path": "files/c2ad86edf2e5ddd2_37.wncryt", "pids": [2084], "filepath": "c:\\users\\karina\\appdata\\local\\temp\\37.wncryt"}
{"path": "files/8cab7933691f047f_pt_br.msg.wncry", "pids": [2084], "filepath": "c:\\python27\\tcl\\tcl8.5\\msgs\\pt_br.msg.wncry"}
{"path": "files/18306452fd8a109e_ieee754.txt.wncry", "pids": [2084], "filepath": "c:\\python27\\lib\\test\\ieee754.txt.wncry"}
{"path": "files/f0f1c698cb8d8e89_top_level.txt.wncry", "pids": [2084], "filepath": "c:\\python27\\lib\\site-packages\\setuptools-39.0.1.dist-info\\top_level.txt.wncry"}
{"path": "files/f88f2473f72d95c4_uidqzeinut.docx.wncry", "pids": [2084], "filepath": "c:\\users\\karina\\documents\\uidqzeinut.docx.wncry"}
{"path": "files/36334a17f3ad0d77_big5-utf8.txt.wncry", "pids": [2084], "filepath": "c:\\python27\\lib\\test\\cjkencodings\\big5-utf8.txt.wncry"}
{"path": "files/20403cf18a84f4ff_sk.msg.wncry", "pids": [2084], "filepath": "c:\\python27\\tcl\\tcl8.5\\msgs\\sk.msg.wncry"}
{"path": "files/30853c1ed842d729_extend.txt.wncry", "pids": [2084], "filepath": "c:\\python27\\lib\\idlelib\\extend.txt.wncry"}
{"path": "files/1c42ea1ac5ece364_23.wncryt", "pids": [2084], "filepath": "c:\\users\\karina\\appdata\\local\\temp\\23.wncryt"}
{"path": "files/ee5da23f0916ba47_nokia.pem.wncry", "pids": [2084], "filepath": "c:\\python27\\lib\\test\\nokia.pem.wncry"}
{"path": "files/8a3dd9dbc3b7dd90_ca.msg.wncry", "pids": [2084], "filepath": "c:\\python27\\tcl\\tcl8.5\\msgs\\ca.msg.wncry"}
{"path": "files/d4e6a6968ae04999_flapper.gif.wncry", "pids": [2084], "filepath": "c:\\users\\karina\\appdata\\local\\google\\chrome\\user data\\default\\extensions\\nmmhkkegccagdldgiimedpiccmgmieda\\1.0.0.4_0\\images\\flapper.gif.wncry"}
{"path": "files/3ca35e808176f5f6_nullbytecert.pem.wncry", "pids": [2084], "filepath": "c:\\python27\\lib\\test\\nullbytecert.pem.wncry"}
{"path": "files/c2ba60bed35fc1eb_tanspecks.jpg.wncry", "pids": [2084], "filepath": "c:\\users\\karina\\appdata\\local\\microsoft\\windows mail\\stationery\\tanspecks.jpg.wncry"}
{"path": "files/34431f1987c5d934_antnhpminhpjhsg.ppt.wncry", "pids": [2084], "filepath": "c:\\users\\karina\\documents\\antnhpminhpjhsg.ppt.wncry"}
{"path": "files/b85bbcefac4d590e_roses.jpg.wncry", "pids": [2084], "filepath": "c:\\users\\karina\\appdata\\local\\microsoft\\windows mail\\stationery\\roses.jpg.wncry"}
{"path": "files/31dec2470d71d53f_pluck-pcm8.wav.wncry", "pids": [2084], "filepath": "c:\\python27\\lib\\test\\audiodata\\pluck-pcm8.wav.wncry"}
{"path": "files/d697c0cf9f5a2cf9_msg_07.txt.wncry", "pids": [2084], "filepath": "c:\\python27\\lib\\email\\test\\data\\msg_07.txt.wncry"}
{"path": "files/4ef6fc4edd8ac6bb_msg_02.txt.wncry", "pids": [2084], "filepath": "c:\\python27\\lib\\email\\test\\data\\msg_02.txt.wncry"}
{"path": "files/d0b04781fa30fe2b_weakrefobject.h.wncry", "pids": [2084], "filepath": "c:\\python27\\include\\weakrefobject.h.wncry"}
{"path": "files/eaee54df90645913_pwrdlogo100.gif.wncry", "pids": [2084], "filepath": "c:\\python27\\tcl\\tk8.5\\images\\pwrdlogo100.gif.wncry"}
{"path": "files/03b713fdea4c26d9_topbar_floating_button_maximize.png.wncry", "pids": [2084], "filepath": "c:\\users\\karina\\appdata\\local\\google\\chrome\\user data\\default\\extensions\\nmmhkkegccagdldgiimedpiccmgmieda\\1.0.0.4_0\\images\\topbar_floating_button_maximize.png.wncry"}
{"path": "files/79258a454a21e88f_fa_ir.msg.wncry", "pids": [2084], "filepath": "c:\\python27\\tcl\\tcl8.5\\msgs\\fa_ir.msg.wncry"}
{"path": "files/0eaebcaf593fbd63_tokenize_tests.txt.wncry", "pids": [2084], "filepath": "c:\\python27\\lib\\test\\tokenize_tests.txt.wncry"}
{"path": "files/4523197323795e9b_token.h.wncry", "pids": [2084], "filepath": "c:\\python27\\include\\token.h.wncry"}
{"path": "files/698f01d3345d6cae_cacert.pem.wncry", "pids": [2084], "filepath": "c:\\python27\\lib\\site-packages\\pip\\_vendor\\certifi\\cacert.pem.wncry"}
{"path": "files/fd049bdafdee4d68_13.wncryt", "pids": [2084], "filepath": "c:\\users\\karina\\appdata\\local\\temp\\13.wncryt"}
{"path": "files/e237dda4d181e104_tai-ku.gif.wncry", "pids": [2084], "filepath": "c:\\python27\\tcl\\tk8.5\\images\\tai-ku.gif.wncry"}
{"path": "files/fe8b87ff6550d01d_transcodedwallpaper.jpg.wncry", "pids": [2084], "filepath": "c:\\users\\karina\\appdata\\roaming\\microsoft\\windows\\themes\\transcodedwallpaper.jpg.wncry"}
{"path": "files/b10f054ac1a0b656_msg_38.txt.wncry", "pids": [2084], "filepath": "c:\\python27\\lib\\email\\test\\data\\msg_38.txt.wncry"}
{"path": "files/80e2ded5b7101c14_marshal.h.wncry", "pids": [2084], "filepath": "c:\\python27\\include\\marshal.h.wncry"}
{"path": "files/0b134b6a05c6bb2e_keycert2.pem.wncry", "pids": [2084], "filepath": "c:\\python27\\lib\\test\\keycert2.pem.wncry"}
{"path": "files/43d43ee812103232_38.wncryt", "pids": [2084], "filepath": "c:\\users\\karina\\appdata\\local\\temp\\38.wncryt"}
{"path": "files/b8083edb29e146be_ar_lb.msg.wncry", "pids": [2084], "filepath": "c:\\python27\\tcl\\tcl8.5\\msgs\\ar_lb.msg.wncry"}
{"path": "files/40dad36e6acd8d69_ssl_cert.pem.wncry", "pids": [2084], "filepath": "c:\\python27\\lib\\test\\ssl_cert.pem.wncry"}
{"path": "files/53dde091f347b8c8_bn_in.msg.wncry", "pids": [2084], "filepath": "c:\\python27\\tcl\\tcl8.5\\msgs\\bn_in.msg.wncry"}
{"path": "files/6cd08525aeaf78d5_bisque.cs.wncry", "pids": [2084], "filepath": "c:\\python27\\tcl\\tix8.4.3\\pref\\bisque.cs.wncry"}
{"path": "files/1c7181f1bef5eea7_sh.msg.wncry", "pids": [2084], "filepath": "c:\\python27\\tcl\\tcl8.5\\msgs\\sh.msg.wncry"}
{"path": "files/f4d24c268b3b86a3_th.msg.wncry", "pids": [2084], "filepath": "c:\\python27\\tcl\\tcl8.5\\msgs\\th.msg.wncry"}
{"path": "files/126601a29738861b_keycert.pem.wncry", "pids": [2084], "filepath": "c:\\python27\\lib\\test\\keycert.pem.wncry"}
{"path": "files/fe49328ebc47e5a7_fr_be.msg.wncry", "pids": [2084], "filepath": "c:\\python27\\tcl\\tcl8.5\\msgs\\fr_be.msg.wncry"}
{"path": "files/a80cb9e73496f83e_logolarge.gif.wncry", "pids": [2084], "filepath": "c:\\python27\\tcl\\tk8.5\\images\\logolarge.gif.wncry"}
{"path": "files/653cd8b891c32756_17.wncryt", "pids": [2084], "filepath": "c:\\users\\karina\\appdata\\local\\temp\\17.wncryt"}
{"path": "files/d4318ff7da4fcfaf_el.msg.wncry", "pids": [2084], "filepath": "c:\\python27\\tcl\\tcl8.5\\msgs\\el.msg.wncry"}
{"path": "files/e38061c062d44fed_{afbf9f1a-8ee8-4c77-af34-c647e37ca0d9}.1.ver0x0000000000000004.db.wncry", "pids": [2084], "filepath": "c:\\users\\karina\\appdata\\local\\microsoft\\windows\\caches\\{afbf9f1a-8ee8-4c77-af34-c647e37ca0d9}.1.ver0x0000000000000004.db.wncry"}
{"path": "files/76b3a22155d6c6a3_cp949-utf8.txt.wncry", "pids": [2084], "filepath": "c:\\python27\\lib\\test\\cjkencodings\\cp949-utf8.txt.wncry"}
{"path": "files/af8a9d295fc84d76_fo.msg.wncry", "pids": [2084], "filepath": "c:\\python27\\tcl\\tcl8.5\\msgs\\fo.msg.wncry"}
{"path": "files/02ce8a5ba3b0677b_intobject.h.wncry", "pids": [2084], "filepath": "c:\\python27\\include\\intobject.h.wncry"}
{"path": "files/7a8e4eef7f75ac7d_stucco.gif.wncry", "pids": [2084], "filepath": "c:\\users\\karina\\appdata\\local\\microsoft\\windows mail\\stationery\\stucco.gif.wncry"}
{"path": "files/4a1cad7705f0aacb_jellyfish.jpg.wncry", "pids": [2084], "filepath": "c:\\users\\public\\pictures\\sample pictures\\jellyfish.jpg.wncry"}
{"path": "files/a7f221ccb51f3791_objimpl.h.wncry", "pids": [2084], "filepath": "c:\\python27\\include\\objimpl.h.wncry"}
{"path": "files/5ab7a0143a32bde5_32.wncryt", "pids": [2084], "filepath": "c:\\users\\karina\\appdata\\local\\temp\\32.wncryt"}
{"path": "files/0e6d3766187f762a_es_ve.msg.wncry", "pids": [2084], "filepath": "c:\\python27\\tcl\\tcl8.5\\msgs\\es_ve.msg.wncry"}
{"path": "files/e55eb0d38277583e_propsww2.cab.wncryt", "pids": [2084], "filepath": "C:\\MSOCache\\All Users\\{90150000-0011-0000-0000-0000000FF1CE}-C\\ProPsWW2.cab.WNCRYT"}
{"path": "files/e55eb0d38277583e_ProPsWW2.cab.WNCRYT", "pids": [2084], "filepath": "C:\\MSOCache\\All Users\\{90150000-0011-0000-0000-0000000FF1CE}-C\\ProPsWW2.cab.WNCRYT"}
{"path": "files/cd7027eedc490f43_msg_22.txt.wncry", "pids": [2084], "filepath": "c:\\python27\\lib\\email\\test\\data\\msg_22.txt.wncry"}
{"path": "files/5c8e5bdefc5ed060_idle_32.gif.wncry", "pids": [2084], "filepath": "c:\\python27\\lib\\idlelib\\icons\\idle_32.gif.wncry"}
{"path": "files/cf33e4270677b873_nullcert.pem.wncry", "pids": [2084], "filepath": "c:\\python27\\lib\\test\\nullcert.pem.wncry"}
{"path": "files/19f71eab52564fd0_en_hk.msg.wncry", "pids": [2084], "filepath": "c:\\python27\\tcl\\tcl8.5\\msgs\\en_hk.msg.wncry"}
