{"category": "regkey_written", "args": ["HKEY_CURRENT_USER\\Software\\Microsoft\\Windows\\CurrentVersion\\Explorer\\FileExts\\.3g2\\OpenWithProgids\\WMP11.AssocFile.3G2", "REG_NONE", ""], "type": "reboot", "time": 29}
{"category": "regkey_written", "args": ["HKEY_CURRENT_USER\\Software\\Microsoft\\Windows\\CurrentVersion\\Explorer\\FileExts\\.3gp2\\OpenWithProgids\\WMP11.AssocFile.3G2", "REG_NONE", ""], "type": "reboot", "time": 29}
{"category": "regkey_written", "args": ["HKEY_CURRENT_USER\\Software\\Microsoft\\Windows\\CurrentVersion\\Explorer\\FileExts\\.3gp\\OpenWithProgids\\WMP11.AssocFile.3GP", "REG_NONE", ""], "type": "reboot", "time": 29}
{"category": "regkey_written", "args": ["HKEY_CURRENT_USER\\Software\\Microsoft\\Windows\\CurrentVersion\\Explorer\\FileExts\\.3gpp\\OpenWithProgids\\WMP11.AssocFile.3GP", "REG_NONE", ""], "type": "reboot", "time": 29}
{"category": "regkey_written", "args": ["HKEY_CURRENT_USER\\Software\\Microsoft\\Windows\\CurrentVersion\\Explorer\\FileExts\\.AAC\\OpenWithProgids\\WMP11.AssocFile.ADTS", "REG_NONE", ""], "type": "reboot", "time": 29}
{"category": "regkey_written", "args": ["HKEY_CURRENT_USER\\Software\\Microsoft\\Windows\\CurrentVersion\\Explorer\\FileExts\\.ADTS\\OpenWithProgids\\WMP11.AssocFile.ADTS", "REG_NONE", ""], "type": "reboot", "time": 29}
{"category": "regkey_written", "args": ["HKEY_CURRENT_USER\\Software\\Microsoft\\Windows\\CurrentVersion\\Explorer\\FileExts\\.ADT\\OpenWithProgids\\WMP11.AssocFile.ADTS", "REG_NONE", ""], "type": "reboot", "time": 29}
{"category": "regkey_written", "args": ["HKEY_CURRENT_USER\\Software\\Microsoft\\Windows\\CurrentVersion\\Explorer\\FileExts\\.DVR\\OpenWithProgids\\MediaCenter.DVR", "REG_NONE", ""], "type": "reboot", "time": 29}
{"category": "regkey_written", "args": ["HKEY_CURRENT_USER\\Software\\Microsoft\\Windows\\CurrentVersion\\Explorer\\FileExts\\.WTV\\OpenWithProgids\\MediaCenter.WTVFile", "REG_NONE", ""], "type": "reboot", "time": 29}
{"category": "regkey_written", "args": ["HKEY_CURRENT_USER\\Software\\Microsoft\\Windows\\CurrentVersion\\Explorer\\FileExts\\.aif\\OpenWithProgids\\WMP11.AssocFile.AIFF", "REG_NONE", ""], "type": "reboot", "time": 29}
{"category": "regkey_written", "args": ["HKEY_CURRENT_USER\\Software\\Microsoft\\Windows\\CurrentVersion\\Explorer\\FileExts\\.aifc\\OpenWithProgids\\WMP11.AssocFile.AIFF", "REG_NONE", ""], "type": "reboot", "time": 29}
{"category": "regkey_written", "args": ["HKEY_CURRENT_USER\\Software\\Microsoft\\Windows\\CurrentVersion\\Explorer\\FileExts\\.aiff\\OpenWithProgids\\WMP11.AssocFile.AIFF", "REG_NONE", ""], "type": "reboot", "time": 29}
{"category": "regkey_written", "args": ["HKEY_CURRENT_USER\\Software\\Microsoft\\Windows\\CurrentVersion\\Explorer\\FileExts\\.asf\\OpenWithProgids\\WMP11.AssocFile.ASF", "REG_NONE", ""], "type": "reboot", "time": 29}
{"category": "regkey_written", "args": ["HKEY_CURRENT_USER\\Software\\Microsoft\\Windows\\CurrentVersion\\Explorer\\FileExts\\.asx\\OpenWithProgids\\WMP11.AssocFile.ASX", "REG_NONE", ""], "type": "reboot", "time": 29}
{"category": "regkey_written", "args": ["HKEY_CURRENT_USER\\Software\\Microsoft\\Windows\\CurrentVersion\\Explorer\\FileExts\\.au\\OpenWithProgids\\WMP11.AssocFile.AU", "REG_NONE", ""], "type": "reboot", "time": 29}
{"category": "regkey_written", "args": ["HKEY_CURRENT_USER\\Software\\Microsoft\\Windows\\CurrentVersion\\Explorer\\FileExts\\.avi\\OpenWithProgids\\WMP11.AssocFile.AVI", "REG_NONE", ""], "type": "reboot", "time": 29}
{"category": "regkey_written", "args": ["HKEY_CURRENT_USER\\Software\\Microsoft\\Windows\\CurrentVersion\\Explorer\\FileExts\\.bmp\\OpenWithProgids\\Paint.Picture", "REG_NONE", ""], "type": "reboot", "time": 29}
{"category": "regkey_written", "args": ["HKEY_CURRENT_USER\\Software\\Microsoft\\Windows\\CurrentVersion\\Explorer\\FileExts\\.cab\\OpenWithProgids\\CABFolder", "REG_NONE", ""], "type": "reboot", "time": 29}
{"category": "regkey_written", "args": ["HKEY_CURRENT_USER\\Software\\Microsoft\\Windows\\CurrentVersion\\Explorer\\FileExts\\.contact\\OpenWithProgids\\contact_wab_auto_file", "REG_NONE", ""], "type": "reboot", "time": 29}
{"category": "regkey_written", "args": ["HKEY_CURRENT_USER\\Software\\Microsoft\\Windows\\CurrentVersion\\Explorer\\FileExts\\.css\\OpenWithProgids\\CSSfile", "REG_NONE", ""], "type": "reboot", "time": 29}
{"category": "regkey_written", "args": ["HKEY_CURRENT_USER\\Software\\Microsoft\\Windows\\CurrentVersion\\Explorer\\FileExts\\.csv\\OpenWithProgids\\Excel.CSV", "REG_NONE", ""], "type": "reboot", "time": 29}
{"category": "regkey_written", "args": ["HKEY_CURRENT_USER\\Software\\Microsoft\\Windows\\CurrentVersion\\Explorer\\FileExts\\.dib\\OpenWithProgids\\Paint.Picture", "REG_NONE", ""], "type": "reboot", "time": 29}
{"category": "regkey_written", "args": ["HKEY_CURRENT_USER\\Software\\Microsoft\\Windows\\CurrentVersion\\Explorer\\FileExts\\.dll\\OpenWithProgids\\dllfile", "REG_NONE", ""], "type": "reboot", "time": 29}
{"category": "regkey_written", "args": ["HKEY_CURRENT_USER\\Software\\Microsoft\\Windows\\CurrentVersion\\Explorer\\FileExts\\.doc\\OpenWithProgids\\Word.Document.8", "REG_NONE", ""], "type": "reboot", "time": 29}
{"category": "regkey_written", "args": ["HKEY_CURRENT_USER\\Software\\Microsoft\\Windows\\CurrentVersion\\Explorer\\FileExts\\.docm\\OpenWithProgids\\Word.DocumentMacroEnabled.12", "REG_NONE", ""], "type": "reboot", "time": 29}
{"category": "regkey_written", "args": ["HKEY_CURRENT_USER\\Software\\Microsoft\\Windows\\CurrentVersion\\Explorer\\FileExts\\.docx\\OpenWithProgids\\Word.Document.12", "REG_NONE", ""], "type": "reboot", "time": 29}
{"category": "regkey_written", "args": ["HKEY_CURRENT_USER\\Software\\Microsoft\\Windows\\CurrentVersion\\Explorer\\FileExts\\.dot\\OpenWithProgids\\Word.Template.8", "REG_NONE", ""], "type": "reboot", "time": 29}
{"category": "regkey_written", "args": ["HKEY_CURRENT_USER\\Software\\Microsoft\\Windows\\CurrentVersion\\Explorer\\FileExts\\.dotm\\OpenWithProgids\\Word.TemplateMacroEnabled.12", "REG_NONE", ""], "type": "reboot", "time": 29}
{"category": "regkey_written", "args": ["HKEY_CURRENT_USER\\Software\\Microsoft\\Windows\\CurrentVersion\\Explorer\\FileExts\\.dotx\\OpenWithProgids\\Word.Template.12", "REG_NONE", ""], "type": "reboot", "time": 29}
{"category": "regkey_written", "args": ["HKEY_CURRENT_USER\\Software\\Microsoft\\Windows\\CurrentVersion\\Explorer\\FileExts\\.dvr-ms\\OpenWithProgids\\MediaCenter.DVR-MS", "REG_NONE", ""], "type": "reboot", "time": 29}
{"category": "regkey_written", "args": ["HKEY_CURRENT_USER\\Software\\Microsoft\\Windows\\CurrentVersion\\Explorer\\FileExts\\.dwfx\\OpenWithProgids\\Windows.XPSReachViewer", "REG_NONE", ""], "type": "reboot", "time": 29}
{"category": "regkey_written", "args": ["HKEY_CURRENT_USER\\Software\\Microsoft\\Windows\\CurrentVersion\\Explorer\\FileExts\\.easmx\\OpenWithProgids\\Windows.XPSReachViewer", "REG_NONE", ""], "type": "reboot", "time": 29}
{"category": "regkey_written", "args": ["HKEY_CURRENT_USER\\Software\\Microsoft\\Windows\\CurrentVersion\\Explorer\\FileExts\\.edrwx\\OpenWithProgids\\Windows.XPSReachViewer", "REG_NONE", ""], "type": "reboot", "time": 29}
{"category": "regkey_written", "args": ["HKEY_CURRENT_USER\\Software\\Microsoft\\Windows\\CurrentVersion\\Explorer\\FileExts\\.emf\\OpenWithProgids\\emffile", "REG_NONE", ""], "type": "reboot", "time": 29}
{"category": "regkey_written", "args": ["HKEY_CURRENT_USER\\Software\\Microsoft\\Windows\\CurrentVersion\\Explorer\\FileExts\\.eprtx\\OpenWithProgids\\Windows.XPSReachViewer", "REG_NONE", ""], "type": "reboot", "time": 29}
{"category": "regkey_written", "args": ["HKEY_CURRENT_USER\\Software\\Microsoft\\Windows\\CurrentVersion\\Explorer\\FileExts\\.exe\\OpenWithProgids\\exefile", "REG_NONE", ""], "type": "reboot", "time": 29}
{"category": "regkey_written", "args": ["HKEY_CURRENT_USER\\Software\\Microsoft\\Windows\\CurrentVersion\\Explorer\\FileExts\\.fon\\OpenWithProgids\\fonfile", "REG_NONE", ""], "type": "reboot", "time": 29}
{"category": "regkey_written", "args": ["HKEY_CURRENT_USER\\Software\\Microsoft\\Windows\\CurrentVersion\\Explorer\\FileExts\\.gif\\OpenWithProgids\\giffile", "REG_NONE", ""], "type": "reboot", "time": 29}
{"category": "regkey_written", "args": ["HKEY_CURRENT_USER\\Software\\Microsoft\\Windows\\CurrentVersion\\Explorer\\FileExts\\.htm\\OpenWithProgids\\htmlfile", "REG_NONE", ""], "type": "reboot", "time": 29}
{"category": "regkey_written", "args": ["HKEY_CURRENT_USER\\Software\\Microsoft\\Windows\\CurrentVersion\\Explorer\\FileExts\\.html\\OpenWithProgids\\htmlfile", "REG_NONE", ""], "type": "reboot", "time": 29}
{"category": "regkey_written", "args": ["HKEY_CURRENT_USER\\Software\\Microsoft\\Windows\\CurrentVersion\\Explorer\\FileExts\\.ico\\OpenWithProgids\\icofile", "REG_NONE", ""], "type": "reboot", "time": 29}
{"category": "regkey_written", "args": ["HKEY_CURRENT_USER\\Software\\Microsoft\\Windows\\CurrentVersion\\Explorer\\FileExts\\.ini\\OpenWithProgids\\inifile", "REG_NONE", ""], "type": "reboot", "time": 29}
{"category": "regkey_written", "args": ["HKEY_CURRENT_USER\\Software\\Microsoft\\Windows\\CurrentVersion\\Explorer\\FileExts\\.jfif\\OpenWithProgids\\pjpegfile", "REG_NONE", ""], "type": "reboot", "time": 29}
{"category": "regkey_written", "args": ["HKEY_CURRENT_USER\\Software\\Microsoft\\Windows\\CurrentVersion\\Explorer\\FileExts\\.jpe\\OpenWithProgids\\jpegfile", "REG_NONE", ""], "type": "reboot", "time": 29}
{"category": "regkey_written", "args": ["HKEY_CURRENT_USER\\Software\\Microsoft\\Windows\\CurrentVersion\\Explorer\\FileExts\\.jpeg\\OpenWithProgids\\jpegfile", "REG_NONE", ""], "type": "reboot", "time": 29}
{"category": "regkey_written", "args": ["HKEY_CURRENT_USER\\Software\\Microsoft\\Windows\\CurrentVersion\\Explorer\\FileExts\\.jpg\\OpenWithProgids\\jpegfile", "REG_NONE", ""], "type": "reboot", "time": 29}
{"category": "regkey_written", "args": ["HKEY_CURRENT_USER\\Software\\Microsoft\\Windows\\CurrentVersion\\Explorer\\FileExts\\.jtx\\OpenWithProgids\\Windows.XPSReachViewer", "REG_NONE", ""], "type": "reboot", "time": 29}
{"category": "regkey_written", "args": ["HKEY_CURRENT_USER\\Software\\Microsoft\\Windows\\CurrentVersion\\Explorer\\FileExts\\.lnk\\OpenWithProgids\\lnkfile", "REG_NONE", ""], "type": "reboot", "time": 29}
{"category": "regkey_written", "args": ["HKEY_CURRENT_USER\\Software\\Microsoft\\Windows\\CurrentVersion\\Explorer\\FileExts\\.m1v\\OpenWithProgids\\WMP11.AssocFile.MPEG", "REG_NONE", ""], "type": "reboot", "time": 29}
{"category": "regkey_written", "args": ["HKEY_CURRENT_USER\\Software\\Microsoft\\Windows\\CurrentVersion\\Explorer\\FileExts\\.m2t\\OpenWithProgids\\WMP11.AssocFile.M2TS", "REG_NONE", ""], "type": "reboot", "time": 29}
{"category": "regkey_written", "args": ["HKEY_CURRENT_USER\\Software\\Microsoft\\Windows\\CurrentVersion\\Explorer\\FileExts\\.m2ts\\OpenWithProgids\\WMP11.AssocFile.M2TS", "REG_NONE", ""], "type": "reboot", "time": 29}
{"category": "regkey_written", "args": ["HKEY_CURRENT_USER\\Software\\Microsoft\\Windows\\CurrentVersion\\Explorer\\FileExts\\.m2v\\OpenWithProgids\\WMP11.AssocFile.MPEG", "REG_NONE", ""], "type": "reboot", "time": 29}
{"category": "regkey_written", "args": ["HKEY_CURRENT_USER\\Software\\Microsoft\\Windows\\CurrentVersion\\Explorer\\FileExts\\.m3u\\OpenWithProgids\\WMP11.AssocFile.m3u", "REG_NONE", ""], "type": "reboot", "time": 29}
{"category": "regkey_written", "args": ["HKEY_CURRENT_USER\\Software\\Microsoft\\Windows\\CurrentVersion\\Explorer\\FileExts\\.m4a\\OpenWithProgids\\WMP11.AssocFile.M4A", "REG_NONE", ""], "type": "reboot", "time": 29}
{"category": "regkey_written", "args": ["HKEY_CURRENT_USER\\Software\\Microsoft\\Windows\\CurrentVersion\\Explorer\\FileExts\\.m4v\\OpenWithProgids\\WMP11.AssocFile.MP4", "REG_NONE", ""], "type": "reboot", "time": 29}
{"category": "regkey_written", "args": ["HKEY_CURRENT_USER\\Software\\Microsoft\\Windows\\CurrentVersion\\Explorer\\FileExts\\.mht\\OpenWithProgids\\mhtmlfile", "REG_NONE", ""], "type": "reboot", "time": 29}
{"category": "regkey_written", "args": ["HKEY_CURRENT_USER\\Software\\Microsoft\\Windows\\CurrentVersion\\Explorer\\FileExts\\.mhtml\\OpenWithProgids\\mhtmlfile", "REG_NONE", ""], "type": "reboot", "time": 29}
{"category": "regkey_written", "args": ["HKEY_CURRENT_USER\\Software\\Microsoft\\Windows\\CurrentVersion\\Explorer\\FileExts\\.mid\\OpenWithProgids\\WMP11.AssocFile.MIDI", "REG_NONE", ""], "type": "reboot", "time": 29}
{"category": "regkey_written", "args": ["HKEY_CURRENT_USER\\Software\\Microsoft\\Windows\\CurrentVersion\\Explorer\\FileExts\\.midi\\OpenWithProgids\\WMP11.AssocFile.MIDI", "REG_NONE", ""], "type": "reboot", "time": 29}
{"category": "regkey_written", "args": ["HKEY_CURRENT_USER\\Software\\Microsoft\\Windows\\CurrentVersion\\Explorer\\FileExts\\.mod\\OpenWithProgids\\WMP11.AssocFile.MPEG", "REG_NONE", ""], "type": "reboot", "time": 29}
{"category": "regkey_written", "args": ["HKEY_CURRENT_USER\\Software\\Microsoft\\Windows\\CurrentVersion\\Explorer\\FileExts\\.mov\\OpenWithProgids\\WMP11.AssocFile.MOV", "REG_NONE", ""], "type": "reboot", "time": 29}
{"category": "regkey_written", "args": ["HKEY_CURRENT_USER\\Software\\Microsoft\\Windows\\CurrentVersion\\Explorer\\FileExts\\.mp2\\OpenWithProgids\\WMP11.AssocFile.MP3", "REG_NONE", ""], "type": "reboot", "time": 29}
{"category": "regkey_written", "args": ["HKEY_CURRENT_USER\\Software\\Microsoft\\Windows\\CurrentVersion\\Explorer\\FileExts\\.mp2v\\OpenWithProgids\\WMP11.AssocFile.MPEG", "REG_NONE", ""], "type": "reboot", "time": 29}
{"category": "regkey_written", "args": ["HKEY_CURRENT_USER\\Software\\Microsoft\\Windows\\CurrentVersion\\Explorer\\FileExts\\.mp3\\OpenWithProgids\\WMP11.AssocFile.MP3", "REG_NONE", ""], "type": "reboot", "time": 29}
{"category": "regkey_written", "args": ["HKEY_CURRENT_USER\\Software\\Microsoft\\Windows\\CurrentVersion\\Explorer\\FileExts\\.mp4\\OpenWithProgids\\WMP11.AssocFile.MP4", "REG_NONE", ""], "type": "reboot", "time": 29}
{"category": "regkey_written", "args": ["HKEY_CURRENT_USER\\Software\\Microsoft\\Windows\\CurrentVersion\\Explorer\\FileExts\\.mp4v\\OpenWithProgids\\WMP11.AssocFile.MP4", "REG_NONE", ""], "type": "reboot", "time": 29}
{"category": "regkey_written", "args": ["HKEY_CURRENT_USER\\Software\\Microsoft\\Windows\\CurrentVersion\\Explorer\\FileExts\\.mpa\\OpenWithProgids\\WMP11.AssocFile.MPEG", "REG_NONE", ""], "type": "reboot", "time": 29}
{"category": "regkey_written", "args": ["HKEY_CURRENT_USER\\Software\\Microsoft\\Windows\\CurrentVersion\\Explorer\\FileExts\\.mpe\\OpenWithProgids\\WMP11.AssocFile.MPEG", "REG_NONE", ""], "type": "reboot", "time": 29}
{"category": "regkey_written", "args": ["HKEY_CURRENT_USER\\Software\\Microsoft\\Windows\\CurrentVersion\\Explorer\\FileExts\\.mpeg\\OpenWithProgids\\WMP11.AssocFile.MPEG", "REG_NONE", ""], "type": "reboot", "time": 29}
{"category": "regkey_written", "args": ["HKEY_CURRENT_USER\\Software\\Microsoft\\Windows\\CurrentVersion\\Explorer\\FileExts\\.mpg\\OpenWithProgids\\WMP11.AssocFile.MPEG", "REG_NONE", ""], "type": "reboot", "time": 29}
{"category": "regkey_written", "args": ["HKEY_CURRENT_USER\\Software\\Microsoft\\Windows\\CurrentVersion\\Explorer\\FileExts\\.mpv2\\OpenWithProgids\\WMP11.AssocFile.MPEG", "REG_NONE", ""], "type": "reboot", "time": 29}
{"category": "regkey_written", "args": ["HKEY_CURRENT_USER\\Software\\Microsoft\\Windows\\CurrentVersion\\Explorer\\FileExts\\.mts\\OpenWithProgids\\WMP11.AssocFile.M2TS", "REG_NONE", ""], "type": "reboot", "time": 29}
{"category": "regkey_written", "args": ["HKEY_CURRENT_USER\\Software\\Microsoft\\Windows\\CurrentVersion\\Explorer\\FileExts\\.ocx\\OpenWithProgids\\ocxfile", "REG_NONE", ""], "type": "reboot", "time": 29}
{"category": "regkey_written", "args": ["HKEY_CURRENT_USER\\Software\\Microsoft\\Windows\\CurrentVersion\\Explorer\\FileExts\\.odt\\OpenWithProgids\\Word.OpenDocumentText.12", "REG_NONE", ""], "type": "reboot", "time": 29}
{"category": "regkey_written", "args": ["HKEY_CURRENT_USER\\Software\\Microsoft\\Windows\\CurrentVersion\\Explorer\\FileExts\\.otf\\OpenWithProgids\\otffile", "REG_NONE", ""], "type": "reboot", "time": 29}
{"category": "regkey_written", "args": ["HKEY_CURRENT_USER\\Software\\Microsoft\\Windows\\CurrentVersion\\Explorer\\FileExts\\.png\\OpenWithProgids\\pngfile", "REG_NONE", ""], "type": "reboot", "time": 29}
{"category": "regkey_written", "args": ["HKEY_CURRENT_USER\\Software\\Microsoft\\Windows\\CurrentVersion\\Explorer\\FileExts\\.pot\\OpenWithProgids\\PowerPoint.Template.8", "REG_NONE", ""], "type": "reboot", "time": 29}
{"category": "regkey_written", "args": ["HKEY_CURRENT_USER\\Software\\Microsoft\\Windows\\CurrentVersion\\Explorer\\FileExts\\.potm\\OpenWithProgids\\PowerPoint.TemplateMacroEnabled.12", "REG_NONE", ""], "type": "reboot", "time": 29}
{"category": "regkey_written", "args": ["HKEY_CURRENT_USER\\Software\\Microsoft\\Windows\\CurrentVersion\\Explorer\\FileExts\\.potx\\OpenWithProgids\\PowerPoint.Template.12", "REG_NONE", ""], "type": "reboot", "time": 29}
{"category": "regkey_written", "args": ["HKEY_CURRENT_USER\\Software\\Microsoft\\Windows\\CurrentVersion\\Explorer\\FileExts\\.ppam\\OpenWithProgids\\PowerPoint.Addin.12", "REG_NONE", ""], "type": "reboot", "time": 29}
{"category": "regkey_written", "args": ["HKEY_CURRENT_USER\\Software\\Microsoft\\Windows\\CurrentVersion\\Explorer\\FileExts\\.ppsm\\OpenWithProgids\\PowerPoint.SlideShowMacroEnabled.12", "REG_NONE", ""], "type": "reboot", "time": 29}
{"category": "regkey_written", "args": ["HKEY_CURRENT_USER\\Software\\Microsoft\\Windows\\CurrentVersion\\Explorer\\FileExts\\.ppsx\\OpenWithProgids\\PowerPoint.SlideShow.12", "REG_NONE", ""], "type": "reboot", "time": 29}
{"category": "regkey_written", "args": ["HKEY_CURRENT_USER\\Software\\Microsoft\\Windows\\CurrentVersion\\Explorer\\FileExts\\.ppt\\OpenWithProgids\\PowerPoint.Show.8", "REG_NONE", ""], "type": "reboot", "time": 29}
{"category": "regkey_written", "args": ["HKEY_CURRENT_USER\\Software\\Microsoft\\Windows\\CurrentVersion\\Explorer\\FileExts\\.pptm\\OpenWithProgids\\PowerPoint.ShowMacroEnabled.12", "REG_NONE", ""], "type": "reboot", "time": 29}
{"category": "regkey_written", "args": ["HKEY_CURRENT_USER\\Software\\Microsoft\\Windows\\CurrentVersion\\Explorer\\FileExts\\.pptx\\OpenWithProgids\\PowerPoint.Show.12", "REG_NONE", ""], "type": "reboot", "time": 29}
{"category": "regkey_written", "args": ["HKEY_CURRENT_USER\\Software\\Microsoft\\Windows\\CurrentVersion\\Explorer\\FileExts\\.ps1xml\\OpenWithProgids\\Microsoft.PowerShellXMLData.1", "REG_NONE", ""], "type": "reboot", "time": 29}
{"category": "regkey_written", "args": ["HKEY_CURRENT_USER\\Software\\Microsoft\\Windows\\CurrentVersion\\Explorer\\FileExts\\.rle\\OpenWithProgids\\rlefile", "REG_NONE", ""], "type": "reboot", "time": 29}
{"category": "regkey_written", "args": ["HKEY_CURRENT_USER\\Software\\Microsoft\\Windows\\CurrentVersion\\Explorer\\FileExts\\.rmi\\OpenWithProgids\\WMP11.AssocFile.MIDI", "REG_NONE", ""], "type": "reboot", "time": 29}
{"category": "regkey_written", "args": ["HKEY_CURRENT_USER\\Software\\Microsoft\\Windows\\CurrentVersion\\Explorer\\FileExts\\.rtf\\OpenWithProgids\\Word.RTF.8", "REG_NONE", ""], "type": "reboot", "time": 29}
{"category": "regkey_written", "args": ["HKEY_CURRENT_USER\\Software\\Microsoft\\Windows\\CurrentVersion\\Explorer\\FileExts\\.scf\\OpenWithProgids\\SHCmdFile", "REG_NONE", ""], "type": "reboot", "time": 29}
{"category": "regkey_written", "args": ["HKEY_CURRENT_USER\\Software\\Microsoft\\Windows\\CurrentVersion\\Explorer\\FileExts\\.search-ms\\OpenWithProgids\\SearchFolder", "REG_NONE", ""], "type": "reboot", "time": 29}
{"category": "regkey_written", "args": ["HKEY_CURRENT_USER\\Software\\Microsoft\\Windows\\CurrentVersion\\Explorer\\FileExts\\.sldm\\OpenWithProgids\\PowerPoint.SlideMacroEnabled.12", "REG_NONE", ""], "type": "reboot", "time": 29}
{"category": "regkey_written", "args": ["HKEY_CURRENT_USER\\Software\\Microsoft\\Windows\\CurrentVersion\\Explorer\\FileExts\\.sldx\\OpenWithProgids\\PowerPoint.Slide.12", "REG_NONE", ""], "type": "reboot", "time": 29}
{"category": "regkey_written", "args": ["HKEY_CURRENT_USER\\Software\\Microsoft\\Windows\\CurrentVersion\\Explorer\\FileExts\\.snd\\OpenWithProgids\\WMP11.AssocFile.AU", "REG_NONE", ""], "type": "reboot", "time": 29}
{"category": "regkey_written", "args": ["HKEY_CURRENT_USER\\Software\\Microsoft\\Windows\\CurrentVersion\\Explorer\\FileExts\\.sys\\OpenWithProgids\\sysfile", "REG_NONE", ""], "type": "reboot", "time": 29}
{"category": "regkey_written", "args": ["HKEY_CURRENT_USER\\Software\\Microsoft\\Windows\\CurrentVersion\\Explorer\\FileExts\\.tif\\OpenWithProgids\\TIFImage.Document", "REG_NONE", ""], "type": "reboot", "time": 29}
{"category": "regkey_written", "args": ["HKEY_CURRENT_USER\\Software\\Microsoft\\Windows\\CurrentVersion\\Explorer\\FileExts\\.tiff\\OpenWithProgids\\TIFImage.Document", "REG_NONE", ""], "type": "reboot", "time": 29}
{"category": "regkey_written", "args": ["HKEY_CURRENT_USER\\Software\\Microsoft\\Windows\\CurrentVersion\\Explorer\\FileExts\\.ts\\OpenWithProgids\\WMP11.AssocFile.TTS", "REG_NONE", ""], "type": "reboot", "time": 29}
{"category": "regkey_written", "args": ["HKEY_CURRENT_USER\\Software\\Microsoft\\Windows\\CurrentVersion\\Explorer\\FileExts\\.ttc\\OpenWithProgids\\ttcfile", "REG_NONE", ""], "type": "reboot", "time": 29}
{"category": "regkey_written", "args": ["HKEY_CURRENT_USER\\Software\\Microsoft\\Windows\\CurrentVersion\\Explorer\\FileExts\\.ttf\\OpenWithProgids\\ttffile", "REG_NONE", ""], "type": "reboot", "time": 29}
{"category": "regkey_written", "args": ["HKEY_CURRENT_USER\\Software\\Microsoft\\Windows\\CurrentVersion\\Explorer\\FileExts\\.tts\\OpenWithProgids\\WMP11.AssocFile.TTS", "REG_NONE", ""], "type": "reboot", "time": 29}
{"category": "regkey_written", "args": ["HKEY_CURRENT_USER\\Software\\Microsoft\\Windows\\CurrentVersion\\Explorer\\FileExts\\.txt\\OpenWithProgids\\txtfile", "REG_NONE", ""], "type": "reboot", "time": 29}
{"category": "regkey_written", "args": ["HKEY_CURRENT_USER\\Software\\Microsoft\\Windows\\CurrentVersion\\Explorer\\FileExts\\.vsto\\OpenWithProgids\\bootstrap.vsto.1", "REG_NONE", ""], "type": "reboot", "time": 29}
{"category": "regkey_written", "args": ["HKEY_CURRENT_USER\\Software\\Microsoft\\Windows\\CurrentVersion\\Explorer\\FileExts\\.wav\\OpenWithProgids\\WMP11.AssocFile.WAV", "REG_NONE", ""], "type": "reboot", "time": 29}
{"category": "regkey_written", "args": ["HKEY_CURRENT_USER\\Software\\Microsoft\\Windows\\CurrentVersion\\Explorer\\FileExts\\.wax\\OpenWithProgids\\WMP11.AssocFile.WAX", "REG_NONE", ""], "type": "reboot", "time": 29}
{"category": "regkey_written", "args": ["HKEY_CURRENT_USER\\Software\\Microsoft\\Windows\\CurrentVersion\\Explorer\\FileExts\\.wdp\\OpenWithProgids\\wdpfile", "REG_NONE", ""], "type": "reboot", "time": 29}
{"category": "regkey_written", "args": ["HKEY_CURRENT_USER\\Software\\Microsoft\\Windows\\CurrentVersion\\Explorer\\FileExts\\.wm\\OpenWithProgids\\WMP11.AssocFile.ASF", "REG_NONE", ""], "type": "reboot", "time": 29}
{"category": "regkey_written", "args": ["HKEY_CURRENT_USER\\Software\\Microsoft\\Windows\\CurrentVersion\\Explorer\\FileExts\\.wma\\OpenWithProgids\\WMP11.AssocFile.WMA", "REG_NONE", ""], "type": "reboot", "time": 29}
{"category": "regkey_written", "args": ["HKEY_CURRENT_USER\\Software\\Microsoft\\Windows\\CurrentVersion\\Explorer\\FileExts\\.wmf\\OpenWithProgids\\wmffile", "REG_NONE", ""], "type": "reboot", "time": 29}
{"category": "regkey_written", "args": ["HKEY_CURRENT_USER\\Software\\Microsoft\\Windows\\CurrentVersion\\Explorer\\FileExts\\.wmv\\OpenWithProgids\\WMP11.AssocFile.WMV", "REG_NONE", ""], "type": "reboot", "time": 29}
{"category": "regkey_written", "args": ["HKEY_CURRENT_USER\\Software\\Microsoft\\Windows\\CurrentVersion\\Explorer\\FileExts\\.wmx\\OpenWithProgids\\WMP11.AssocFile.ASX", "REG_NONE", ""], "type": "reboot", "time": 29}
{"category": "regkey_written", "args": ["HKEY_CURRENT_USER\\Software\\Microsoft\\Windows\\CurrentVersion\\Explorer\\FileExts\\.wpl\\OpenWithProgids\\WMP11.AssocFile.WPL", "REG_NONE", ""], "type": "reboot", "time": 29}
{"category": "regkey_written", "args": ["HKEY_CURRENT_USER\\Software\\Microsoft\\Windows\\CurrentVersion\\Explorer\\FileExts\\.wvx\\OpenWithProgids\\WMP11.AssocFile.WVX", "REG_NONE", ""], "type": "reboot", "time": 29}
{"category": "regkey_written", "args": ["HKEY_CURRENT_USER\\Software\\Microsoft\\Windows\\CurrentVersion\\Explorer\\FileExts\\.xlam\\OpenWithProgids\\Excel.AddInMacroEnabled", "REG_NONE", ""], "type": "reboot", "time": 29}
{"category": "regkey_written", "args": ["HKEY_CURRENT_USER\\Software\\Microsoft\\Windows\\CurrentVersion\\Explorer\\FileExts\\.xls\\OpenWithProgids\\Excel.Sheet.8", "REG_NONE", ""], "type": "reboot", "time": 29}
{"category": "regkey_written", "args": ["HKEY_CURRENT_USER\\Software\\Microsoft\\Windows\\CurrentVersion\\Explorer\\FileExts\\.xlsb\\OpenWithProgids\\Excel.SheetBinaryMacroEnabled.12", "REG_NONE", ""], "type": "reboot", "time": 29}
{"category": "regkey_written", "args": ["HKEY_CURRENT_USER\\Software\\Microsoft\\Windows\\CurrentVersion\\Explorer\\FileExts\\.xlsm\\OpenWithProgids\\Excel.SheetMacroEnabled.12", "REG_NONE", ""], "type": "reboot", "time": 29}
{"category": "regkey_written", "args": ["HKEY_CURRENT_USER\\Software\\Microsoft\\Windows\\CurrentVersion\\Explorer\\FileExts\\.xlsx\\OpenWithProgids\\Excel.Sheet.12", "REG_NONE", ""], "type": "reboot", "time": 29}
{"category": "regkey_written", "args": ["HKEY_CURRENT_USER\\Software\\Microsoft\\Windows\\CurrentVersion\\Explorer\\FileExts\\.xlt\\OpenWithProgids\\Excel.Template.8", "REG_NONE", ""], "type": "reboot", "time": 29}
{"category": "regkey_written", "args": ["HKEY_CURRENT_USER\\Software\\Microsoft\\Windows\\CurrentVersion\\Explorer\\FileExts\\.xltm\\OpenWithProgids\\Excel.TemplateMacroEnabled", "REG_NONE", ""], "type": "reboot", "time": 29}
{"category": "regkey_written", "args": ["HKEY_CURRENT_USER\\Software\\Microsoft\\Windows\\CurrentVersion\\Explorer\\FileExts\\.xltx\\OpenWithProgids\\Excel.Template", "REG_NONE", ""], "type": "reboot", "time": 29}
{"category": "regkey_written", "args": ["HKEY_CURRENT_USER\\Software\\Microsoft\\Windows\\CurrentVersion\\Explorer\\FileExts\\.xml\\OpenWithProgids\\xmlfile", "REG_NONE", ""], "type": "reboot", "time": 29}
{"category": "regkey_written", "args": ["HKEY_CURRENT_USER\\Software\\Microsoft\\Windows\\CurrentVersion\\Explorer\\FileExts\\.xps\\OpenWithProgids\\Windows.XPSReachViewer", "REG_NONE", ""], "type": "reboot", "time": 29}
{"category": "regkey_written", "args": ["HKEY_CURRENT_USER\\Software\\Microsoft\\Windows\\CurrentVersion\\Explorer\\FileExts\\.xsl\\OpenWithProgids\\xslfile", "REG_NONE", ""], "type": "reboot", "time": 29}
{"category": "regkey_written", "args": ["HKEY_CURRENT_USER\\Software\\Microsoft\\Windows\\CurrentVersion\\Explorer\\FileExts\\.zip\\OpenWithProgids\\CompressedFolder", "REG_NONE", ""], "type": "reboot", "time": 29}
{"category": "regkey_written", "args": ["HKEY_CURRENT_USER\\Software\\Microsoft\\Windows\\CurrentVersion\\Explorer\\StartPage2\\ProgramsCache", "REG_BINARY", "\u0013\u0000\u0000\u0000\u00c3S[bH\u00ab\u00c1N\u00ba\u001f\u00a1\u00efAF\u00fc\u0019\u0000\u0080\u0000\u0000\u0000~\u00001\u0000\u0000\u0000\u0000\u0000\u00edLIX\u0011\u0000Programs\u0000\u0000f\u0000\b\u0000\u0004\u0000\u00ef\u00be\u00edLBX\u00edLIX*\u0000\u0000\u0000\u009d\u0001\u0000\u0000\u0000\u0000\u0002\u0000\u0000\u0000\u0000\u0000\u0000\u0000\u0000\u0000<\u0000\u0000\u0000\u0000\u0000P\u0000r\u0000o\u0000g\u0000r\u0000a\u0000m\u0000s\u0000\u0000\u0000@\u0000s\u0000h\u0000e\u0000l\u0000l\u00003\u00002\u0000.\u0000d\u0000l\u0000l\u0000,\u0000-\u00002\u00001\u00007\u00008\u00002\u0000\u0000\u0000\u0018\u0000\u0000\u0000\u0001.\u0002\u0000\u0000,\u00022\u0000\u0085\u0005\u0000\u0000\u00edLIX \u0000INTERN~1.LNK\u0000\u0000\u00a6\u0000\b\u0000\u0004\u0000\u00ef\u00be\u00edLIX\u00edLIX*\u0000\u0000\u0000\u00d7,\u0000\u0000\u0000\u0000\u0002\u0000\u0000\u0000\u0000\u0000\u0000\u0000\u0000\u0000V\u0000\u0000\u0000\u0000\u0000I\u0000n\u0000t\u0000e\u0000r\u0000n\u0000e\u0000t\u0000 \u0000E\u0000x\u0000p\u0000l\u0000o\u0000r\u0000e\u0000r\u0000.\u0000l\u0000n\u0000k\u0000\u0000\u0000@\u0000C\u0000:\u0000\\\u0000W\u0000i\u0000n\u0000d\u0000o\u0000w\u0000s\u0000\\\u0000S\u0000y\u0000s\u0000t\u0000e\u0000m\u00003\u00002\u0000\\\u0000i\u0000e\u00004\u0000u\u0000i\u0000n\u0000i\u0000t\u0000.\u0000e\u0000x\u0000e\u0000,\u0000-\u00007\u00003\u00001\u0000\u0000\u0000\u001c\u0000j\u0001\u0005\u0000\u000b\u0000\u00ef\u00be\u0000\u0000\u0000\u0000\u0000\u0000\u0000\u0000C\u0000:\u0000\\\u0000P\u0000r\u0000o\u0000g\u0000r\u0000a\u0000m\u0000 \u0000F\u0000i\u0000l\u0000e\u0000s\u0000\\\u0000I\u0000n\u0000t\u0000e\u0000r\u0000n\u0000e\u0000t\u0000 \u0000E\u0000x\u0000p\u0000l\u0000o\u0000r\u0000e\u0000r\u0000\\\u0000i\u0000e\u0000x\u0000p\u0000l\u0000o\u0000r\u0000e\u0000.\u0000e\u0000x\u0000e\u0000\u0000\u0000\u0000\u0000\u0000\u0000M\u0000i\u0000c\u0000r\u0000o\u0000s\u0000o\u0000f\u0000t\u0000.\u0000I\u0000n\u0000t\u0000e\u0000r\u0000n\u0000e\u0000t\u0000E\u0000x\u0000p\u0000l\u0000o\u0000r\u0000e\u0000r\u0000.\u0000D\u0000e\u0000f\u0000a\u0000u\u0000l\u0000t\u0000\u0000\u0000\u0000\u0000d\\V\u0006\u00fa\u0088\u00cb\u0001\u00e0_\u00dc\u00f6\u0098\u001a\u00d4\u0001\u0001\u0000\u0000\u0000\u0001\u0000\u0000\u0000\u0000\u0000\u0000\u0000{\u00007\u0000C\u00005\u0000A\u00004\u00000\u0000E\u0000F\u0000-\u0000A\u00000\u0000F\u0000B\u0000-\u00004\u0000B\u0000F\u0000C\u0000-\u00008\u00007\u00004\u0000A\u0000-\u0000C\u00000\u0000F\u00002\u0000E\u00000\u0000B\u00009\u0000F\u0000A\u00008\u0000E\u0000}\u0000\\\u0000I\u0000n\u0000t\u0000e\u0000r\u0000n\u0000e\u0000t\u0000 \u0000E\u0000x\u0000p\u0000l\u0000o\u0000r\u0000e\u0000r\u0000\\\u0000i\u0000e\u0000x\u0000p\u0000l\u0000o\u0000r\u0000e\u0000.\u0000e\u0000x\u0000e\u0000\u0000\u0000\u0000\u0000\u0000\u0000\u001c\u0000\u0000\u0000\u0000\u0004\u0001\u0000\u0000~\u00001\u0000\u0000\u0000\u0000\u0000\u00edLIX\u0011\u0000Programs\u0000\u0000f\u0000\b\u0000\u0004\u0000\u00ef\u00be\u00edLBX\u00edLIX*\u0000\u0000\u0000\u009d\u0001\u0000\u0000\u0000\u0000\u0002\u0000\u0000\u0000\u0000\u0000\u0000\u0000\u0000\u0000<\u0000\u0000\u0000\u0000\u0000P\u0000r\u0000o\u0000g\u0000r\u0000a\u0000m\u0000s\u0000\u0000\u0000@\u0000s\u0000h\u0000e\u0000l\u0000l\u00003\u00002\u0000.\u0000d\u0000l\u0000l\u0000,\u0000-\u00002\u00001\u00007\u00008\u00002\u0000\u0000\u0000\u0018\u0000\u0084\u00001\u0000\u0000\u0000\u0000\u0000\u00ee:C%\u0011\u0000ACCESS~1\u0000\u0000l\u0000\b\u0000\u0004\u0000\u00ef\u00be\u00edLBX\u00edLBX*\u0000\u0000\u0000\u009f\u0001\u0000\u0000\u0000\u0000\u0002\u0000\u0000\u0000\u0000\u0000\u0000\u0000\u0000\u0000B\u0000\u0000\u0000\u0000\u0000A\u0000c\u0000c\u0000e\u0000s\u0000s\u0000o\u0000r\u0000i\u0000e\u0000s\u0000\u0000\u0000@\u0000s\u0000h\u0000e\u0000l\u0000l\u00003\u00002\u0000.\u0000d\u0000l\u0000l\u0000,\u0000-\u00002\u00001\u00007\u00006\u00001\u0000\u0000\u0000\u0018\u0000\u0000\u0000\u0001\u00c0\u0001\u0000\u0000\u00be\u00012\u0000\u0000\u0005\u0000\u0000\u00ee:@% \u0000COMMAN~1.LNK\u0000\u0000z\u0000\b\u0000\u0004\u0000\u00ef\u00be\u00edLBX\u00edLBX*\u0000\u0000\u0000\u00b9\u0001\u0000\u0000\u0000\u0000\u0002\u0000\u0000\u0000\u0000\u0000\u0000\u0000\u0000\u0000P\u0000\u0000\u0000\u0000\u0000C\u0000o\u0000m\u0000m\u0000a\u0000n\u0000d\u0000 \u0000P\u0000r\u0000o\u0000m\u0000p\u0000t\u0000.\u0000l\u0000n\u0000k\u0000\u0000\u0000@\u0000s\u0000h\u0000e\u0000l\u0000l\u00003\u00002\u0000.\u0000d\u0000l\u0000l\u0000,\u0000-\u00002\u00002\u00000\u00002\u00002\u0000\u0000\u0000\u001c\u0000(\u0001\u0005\u0000\u000b\u0000\u00ef\u00be\u0000\u0000\u0000\u0000\u0000\u0000\u0000\u0000%\u0000w\u0000i\u0000n\u0000d\u0000i\u0000r\u0000%\u0000\\\u0000s\u0000y\u0000s\u0000t\u0000e\u0000m\u00003\u00002\u0000\\\u0000c\u0000m\u0000d\u0000.\u0000e\u0000x\u0000e\u0000\u0000\u0000\u0000\u0000\u0000\u0000{\u0000D\u00006\u00005\u00002\u00003\u00001\u0000B\u00000\u0000-\u0000B\u00002\u0000F\u00001\u0000-\u00004\u00008\u00005\u00007\u0000-\u0000A\u00004\u0000C\u0000E\u0000-\u0000A\u00008\u0000E\u00007\u0000C\u00006\u0000E\u0000A\u00007\u0000D\u00002\u00007\u0000}\u0000\\\u0000c\u0000m\u0000d\u0000.\u0000e\u0000x\u0000e\u0000\u0000\u0000\u0000\u0000$\u0013M\u00f9\u00f9\u0088\u00cb\u0001\u0090\u00e6\u00ef\u00ed\u0098\u001a\u00d4\u0001\u0000\u0000\u0000\u0000\u0001\u0000\u0000\u0000\u0000\u0000\u0000\u0000{\u0000D\u00006\u00005\u00002\u00003\u00001\u0000B\u00000\u0000-\u0000B\u00002\u0000F\u00001\u0000-\u00004\u00008\u00005\u00007\u0000-\u0000A\u00004\u0000C\u0000E\u0000-\u0000A\u00008\u0000E\u00007\u0000C\u00006\u0000E\u0000A\u00007\u0000D\u00002\u00007\u0000}\u0000\\\u0000c\u0000m\u0000d\u0000.\u0000e\u0000x\u0000e\u0000\u0000\u0000\u0000\u0000\u0000\u0000\u001c\u0000\u0000\u0000\u0001\u00c8\u0001\u0000\u0000\u00c6\u00012\u0000\u0018\u0005\u0000\u0000\u00ee:C% \u0000Notepad.lnk\u0000l\u0000\b\u0000\u0004\u0000\u00ef\u00be\u00edLBX\u00edLBX*\u0000\u0000\u0000\u00c7\u0001\u0000\u0000\u0000\u0000\u0003\u0000\u0000\u0000\u0000\u0000\u0000\u0000\u0000\u0000B\u0000\u0000\u0000\u0000\u0000N\u0000o\u0000t\u0000e\u0000p\u0000a\u0000d\u0000.\u0000l\u0000n\u0000k\u0000\u0000\u0000@\u0000s\u0000h\u0000e\u0000l\u0000l\u00003\u00002\u0000.\u0000d\u0000l\u0000l\u0000,\u0000-\u00002\u00002\u00000\u00005\u00001\u0000\u0000\u0000\u001a\u0000@\u0001\u0005\u0000\u000b\u0000\u00ef\u00be\u0000\u0000\u0000\u0000\u0000\u0000\u0000\u0000%\u0000w\u0000i\u0000n\u0000d\u0000i\u0000r\u0000%\u0000\\\u0000s\u0000y\u0000s\u0000t\u0000e\u0000m\u00003\u00002\u0000\\\u0000n\u0000o\u0000t\u0000e\u0000p\u0000a\u0000d\u0000.\u0000e\u0000x\u0000e\u0000\u0000\u0000\u0000\u0000\u0000\u0000{\u0000D\u00006\u00005\u00002\u00003\u00001\u0000B\u00000\u0000-\u0000B\u00002\u0000F\u00001\u0000-\u00004\u00008\u00005\u00007\u0000-\u0000A\u00004\u0000C\u0000E\u0000-\u0000A\u00008\u0000E\u00007\u0000C\u00006\u0000E\u0000A\u00007\u0000D\u00002\u00007\u0000}\u0000\\\u0000n\u0000o\u0000t\u0000e\u0000p\u0000a\u0000d\u0000.\u0000e\u0000x\u0000e\u0000\u0000\u0000\u0000\u0000\u009be\u0015\u00fb+\u0004\u00ca\u0001 |\u00f4\u00ed\u0098\u001a\u00d4\u0001\u0000\u0000\u0000\u0000\u0001\u0000\u0000\u0000\u0000\u0000\u0000\u0000{\u0000D\u00006\u00005\u00002\u00003\u00001\u0000B\u00000\u0000-\u0000B\u00002\u0000F\u00001\u0000-\u00004\u00008\u00005\u00007\u0000-\u0000A\u00004\u0000C\u0000E\u0000-\u0000A\u00008\u0000E\u00007\u0000C\u00006\u0000E\u0000A\u00007\u0000D\u00002\u00007\u0000}\u0000\\\u0000n\u0000o\u0000t\u0000e\u0000p\u0000a\u0000d\u0000.\u0000e\u0000x\u0000e\u0000\u0000\u0000\u0000\u0000\u0000\u0000\u001a\u0000\u0000\u0000\u0001\u00aa\u0001\u0000\u0000\u00a8\u00012\u0000\u0006\u0001\u0000\u0000\u00ee:\u00b6$ \u0000Run.lnk\u0000d\u0000\b\u0000\u0004\u0000\u00ef\u00be\u00edLBX\u00edLBX*\u0000\u0000\u0000\u00c8\u0001\u0000\u0000\u0000\u0000\u0002\u0000\u0000\u0000\u0000\u0000\u0000\u0000\u0000\u0000:\u0000\u0000\u0000\u0000\u0000R\u0000u\u0000n\u0000.\u0000l\u0000n\u0000k\u0000\u0000\u0000@\u0000s\u0000h\u0000e\u0000l\u0000l\u00003\u00002\u0000.\u0000d\u0000l\u0000l\u0000,\u0000-\u00001\u00002\u00007\u00001\u00000\u0000\u0000\u0000\u0016\u0000.\u0001\u0005\u0000\u000b\u0000\u00ef\u00be\u0000\u0000\u0000\u0000\u0000\u0000\u0000\u0000:\u0000:\u0000{\u00002\u00005\u00005\u00009\u0000A\u00001\u0000F\u00003\u0000-\u00002\u00001\u0000D\u00007\u0000-\u00001\u00001\u0000D\u00004\u0000-\u0000B\u0000D\u0000A\u0000F\u0000-\u00000\u00000\u0000C\u00000\u00004\u0000F\u00006\u00000\u0000B\u00009\u0000F\u00000\u0000}\u0000\u0000\u0000\u0000\u0000\u0000\u0000:\u0000:\u0000{\u00002\u00005\u00005\u00009\u0000A\u00001\u0000F\u00003\u0000-\u00002\u00001\u0000D\u00007\u0000-\u00001\u00001\u0000D\u00004\u0000-\u0000B\u0000D\u0000A\u0000F\u0000-\u00000\u00000\u0000C\u00000\u00004\u0000F\u00006\u00000\u0000B\u00009\u0000F\u00000\u0000}\u0000\u0000\u0000\u0000\u0000\u0000\u0000\u0000\u0000\u0000\u0000\u0000\u0000 |\u00f4\u00ed\u0098\u001a\u00d4\u0001\u0000\u0000\u0000\u0000\u0000\u0000\u0000\u0000\u0000\u0000\u0000\u0000:\u0000:\u0000{\u00002\u00005\u00005\u00009\u0000A\u00001\u0000F\u00003\u0000-\u00002\u00001\u0000D\u00007\u0000-\u00001\u00001\u0000D\u00004\u0000-\u0000B\u0000D\u0000A\u0000F\u0000-\u00000\u00000\u0000C\u00000\u00004\u0000F\u00006\u00000\u0000B\u00009\u0000F\u00000\u0000}\u0000\u0000\u0000\u0000\u0000\u0000\u0000\u0016\u0000\u0000\u0000\u0001\u00d0\u0001\u0000\u0000\u00ce\u00012\u0000\u00cc\u0004\u0000\u0000\u00ee:\u00b6$ \u0000WINDOW~1.LNK\u0000\u0000~\u0000\b\u0000\u0004\u0000\u00ef\u00be\u00edLBX\u00edLBX*\u0000\u0000\u0000\u00b4\u0001\u0000\u0000\u0000\u0000\u0002\u0000\u0000\u0000\u0000\u0000\u0000\u0000\u0000\u0000T\u0000\u0000\u0000\u0000\u0000W\u0000i\u0000n\u0000d\u0000o\u0000w\u0000s\u0000 \u0000E\u0000x\u0000p\u0000l\u0000o\u0000r\u0000e\u0000r\u0000.\u0000l\u0000n\u0000k\u0000\u0000\u0000@\u0000s\u0000h\u0000e\u0000l\u0000l\u00003\u00002\u0000.\u0000d\u0000l\u0000l\u0000,\u0000-\u00002\u00002\u00000\u00006\u00007\u0000\u0000\u0000\u001c\u00004\u0001\u0005\u0000\u000b\u0000\u00ef\u00be\u0000\u0000\u0000\u0000\u0000\u0000\u0000\u0000%\u0000w\u0000i\u0000n\u0000d\u0000i\u0000r\u0000%\u0000\\\u0000e\u0000x\u0000p\u0000l\u0000o\u0000r\u0000e\u0000r\u0000.\u0000e\u0000x\u0000e\u0000\u0000\u0000\u0000\u0000\u0000\u0000{\u0000F\u00003\u00008\u0000B\u0000F\u00004\u00000\u00004\u0000-\u00001\u0000D\u00004\u00003\u0000-\u00004\u00002\u0000F\u00002\u0000-\u00009\u00003\u00000\u00005\u0000-\u00006\u00007\u0000D\u0000E\u00000\u0000B\u00002\u00008\u0000F\u0000C\u00002\u00003\u0000}\u0000\\\u0000e\u0000x\u0000p\u0000l\u0000o\u0000r\u0000e\u0000r\u0000.\u0000e\u0000x\u0000e\u0000\u0000\u0000\u0000\u0000w\u00b7M\u00fe\u00f9\u0088\u00cb\u0001`_\u00ee\u00ed\u0098\u001a\u00d4\u0001\u0000\u0000\u0000\u0000\u0001\u0000\u0000\u0000\u0000\u0000\u0000\u0000{\u0000F\u00003\u00008\u0000B\u0000F\u00004\u00000\u00004\u0000-\u00001\u0000D\u00004\u00003\u0000-\u00004\u00002\u0000F\u00002\u0000-\u00009\u00003\u00000\u00005\u0000-\u00006\u00007\u0000D\u0000E\u00000\u0000B\u00002\u00008\u0000F\u0000C\u00002\u00003\u0000}\u0000\\\u0000e\u0000x\u0000p\u0000l\u0000o\u0000r\u0000e\u0000r\u0000.\u0000e\u0000x\u0000e\u0000\u0000\u0000\u0000\u0000\u0000\u0000\u001c\u0000\u0000\u0000\u0000\u008c\u0001\u0000\u0000~\u00001\u0000\u0000\u0000\u0000\u0000\u00edLIX\u0011\u0000Programs\u0000\u0000f\u0000\b\u0000\u0004\u0000\u00ef\u00be\u00edLBX\u00edLIX*\u0000\u0000\u0000\u009d\u0001\u0000\u0000\u0000\u0000\u0002\u0000\u0000\u0000\u0000\u0000\u0000\u0000\u0000\u0000<\u0000\u0000\u0000\u0000\u0000P\u0000r\u0000o\u0000g\u0000r\u0000a\u0000m\u0000s\u0000\u0000\u0000@\u0000s\u0000h\u0000e\u0000l\u0000l\u00003\u00002\u0000.\u0000d\u0000l\u0000l\u0000,\u0000-\u00002\u00001\u00007\u00008\u00002\u0000\u0000\u0000\u0018\u0000\u0084\u00001\u0000\u0000\u0000\u0000\u0000\u00ee:C%\u0011\u0000ACCESS~1\u0000\u0000l\u0000\b\u0000\u0004\u0000\u00ef\u00be\u00edLBX\u00edLBX*\u0000\u0000\u0000\u009f\u0001\u0000\u0000\u0000\u0000\u0002\u0000\u0000\u0000\u0000\u0000\u0000\u0000\u0000\u0000B\u0000\u0000\u0000\u0000\u0000A\u0000c\u0000c\u0000e\u0000s\u0000s\u0000o\u0000r\u0000i\u0000e\u0000s\u0000\u0000\u0000@\u0000s\u0000h\u0000e\u0000l\u0000l\u00003\u00002\u0000.\u0000d\u0000l\u0000l\u0000,\u0000-\u00002\u00001\u00007\u00006\u00001\u0000\u0000\u0000\u0018\u0000\u0088\u00001\u0000\u0000\u0000\u0000\u0000\u00ee:6%\u0011\u0000ACCESS~1\u0000\u0000p\u0000\b\u0000\u0004\u0000\u00ef\u00be\u00edLBX\u00edLBX*\u0000\u0000\u0000\u00a1\u0001\u0000\u0000\u0000\u0000\u0002\u0000\u0000\u0000\u0000\u0000\u0000\u0000\u0000\u0000F\u0000\u0000\u0000\u0000\u0000A\u0000c\u0000c\u0000e\u0000s\u0000s\u0000i\u0000b\u0000i\u0000l\u0000i\u0000t\u0000y\u0000\u0000\u0000@\u0000s\u0000h\u0000e\u0000l\u0000l\u00003\u00002\u0000.\u0000d\u0000l\u0000l\u0000,\u0000-\u00002\u00001\u00007\u00006\u00000\u0000\u0000\u0000\u0018\u0000\u0000\u0000\u0001h\u0002\u0000\u0000f\u00022\u0000N\u0005\u0000\u0000\u00ee:6% \u0000EASEOF~1.LNK\u0000\u0000\u00ae\u0000\b\u0000\u0004\u0000\u00ef\u00be\u00edLBX\u00edLBX*\u0000\u0000\u0000\u00bd\u0001\u0000\u0000\u0000\u0000\u0002\u0000\u0000\u0000\u0000\u0000\u0000\u0000\u0000\u0000P\u0000\u0000\u0000\u0000\u0000E\u0000a\u0000s\u0000e\u0000 \u0000o\u0000f\u0000 \u0000A\u0000c\u0000c\u0000e\u0000s\u0000s\u0000.\u0000l\u0000n\u0000k\u0000\u0000\u0000@\u0000C\u0000:\u0000\\\u0000W\u0000i\u0000n\u0000d\u0000o\u0000w\u0000s\u0000\\\u0000s\u0000y\u0000s\u0000t\u0000e\u0000m\u00003\u00002\u0000\\\u0000A\u0000c\u0000c\u0000e\u0000s\u0000s\u0000i\u0000b\u0000i\u0000l\u0000i\u0000t\u0000y\u0000C\u0000p\u0000l\u0000.\u0000d\u0000l\u0000l\u0000,\u0000-\u00001\u00000\u0000\u0000\u0000\u001c\u0000\u009c\u0001\u0005\u0000\u000b\u0000\u00ef\u00be\u0000\u0000\u0000\u0000\u0000\u0000\u0000\u0000%\u0000w\u0000i\u0000n\u0000d\u0000i\u0000r\u0000%\u0000\\\u0000s\u0000y\u0000s\u0000t\u0000e\u0000m\u00003\u00002\u0000\\\u0000c\u0000o\u0000n\u0000t\u0000r\u0000o\u0000l\u0000.\u0000e\u0000x\u0000e\u0000\u0000\u0000\u0000\u0000\u0000\u0000M\u0000i\u0000c\u0000r\u0000o\u0000s\u0000o\u0000f\u0000t\u0000.\u0000A\u0000u\u0000t\u0000o\u0000G\u0000e\u0000n\u0000e\u0000r\u0000a\u0000t\u0000e\u0000d\u0000.\u0000{\u00003\u0000C\u0000A\u00006\u00003\u0000B\u0000A\u00004\u0000-\u00003\u0000D\u0000D\u00006\u0000-\u00002\u0000E\u0000A\u0000A\u0000-\u00009\u00003\u00007\u00003\u0000-\u00000\u0000D\u00009\u0000E\u00006\u00001\u0000C\u00002\u00001\u0000C\u00000\u0000B\u0000}\u0000\u0000\u0000/\u0000n\u0000a\u0000m\u0000e\u0000 \u0000M\u0000i\u0000c\u0000r\u0000o\u0000s\u0000o\u0000f\u0000t\u0000.\u0000E\u0000a\u0000s\u0000e\u0000O\u0000f\u0000A\u0000c\u0000c\u0000e\u0000s\u0000s\u0000C\u0000e\u0000n\u0000t\u0000e\u0000r\u0000\u0000\u0000\u009be\u0015\u00fb+\u0004\u00ca\u0001\u00c0m\u00f1\u00ed\u0098\u001a\u00d4\u0001\u0000\u0000\u0000\u0000\u0000\u0000\u0000\u0000\u0000\u0000\u0000\u0000{\u0000D\u00006\u00005\u00002\u00003\u00001\u0000B\u00000\u0000-\u0000B\u00002\u0000F\u00001\u0000-\u00004\u00008\u00005\u00007\u0000-\u0000A\u00004\u0000C\u0000E\u0000-\u0000A\u00008\u0000E\u00007\u0000C\u00006\u0000E\u0000A\u00007\u0000D\u00002\u00007\u0000}\u0000\\\u0000c\u0000o\u0000n\u0000t\u0000r\u0000o\u0000l\u0000.\u0000e\u0000x\u0000e\u0000\u0000\u0000\u0000\u0000\u0000\u0000\u001c\u0000\u0000\u0000\u0001\u00c8\u0001\u0000\u0000\u00c6\u00012\u0000\u00ea\u0004\u0000\u0000\u00ee:6% \u0000Magnify.lnk\u0000l\u0000\b\u0000\u0004\u0000\u00ef\u00be\u00edLBX\u00edLBX*\u0000\u0000\u0000\u00bc\u0001\u0000\u0000\u0000\u0000\u0002\u0000\u0000\u0000\u0000\u0000\u0000\u0000\u0000\u0000B\u0000\u0000\u0000\u0000\u0000M\u0000a\u0000g\u0000n\u0000i\u0000f\u0000y\u0000.\u0000l\u0000n\u0000k\u0000\u0000\u0000@\u0000s\u0000h\u0000e\u0000l\u0000l\u00003\u00002\u0000.\u0000d\u0000l\u0000l\u0000,\u0000-\u00002\u00002\u00000\u00004\u00001\u0000\u0000\u0000\u001a\u0000@\u0001\u0005\u0000\u000b\u0000\u00ef\u00be\u0000\u0000\u0000\u0000\u0000\u0000\u0000\u0000%\u0000w\u0000i\u0000n\u0000d\u0000i\u0000r\u0000%\u0000\\\u0000s\u0000y\u0000s\u0000t\u0000e\u0000m\u00003\u00002\u0000\\\u0000m\u0000a\u0000g\u0000n\u0000i\u0000f\u0000y\u0000.\u0000e\u0000x\u0000e\u0000\u0000\u0000\u0000\u0000\u0000\u0000{\u0000D\u00006\u00005\u00002\u00003\u00001\u0000B\u00000\u0000-\u0000B\u00002\u0000F\u00001\u0000-\u00004\u00008\u00005\u00007\u0000-\u0000A\u00004\u0000C\u0000E\u0000-\u0000A\u00008\u0000E\u00007\u0000C\u0000"], "type": "reboot", "time": 29}
{"category": "regkey_written", "args": ["HKEY_CURRENT_USER\\Software\\Microsoft\\Windows\\CurrentVersion\\Explorer\\StartPage2\\ProgramsCache", "REG_BINARY", "\u0013\u0000\u0000\u0000\u00c3S[bH\u00ab\u00c1N\u00ba\u001f\u00a1\u00efAF\u00fc\u0019\u0000\u0080\u0000\u0000\u0000~\u00001\u0000\u0000\u0000\u0000\u0000\u00edLIX\u0011\u0000Programs\u0000\u0000f\u0000\b\u0000\u0004\u0000\u00ef\u00be\u00edLBX\u00edLIX*\u0000\u0000\u0000\u009d\u0001\u0000\u0000\u0000\u0000\u0002\u0000\u0000\u0000\u0000\u0000\u0000\u0000\u0000\u0000<\u0000\u0000\u0000\u0000\u0000P\u0000r\u0000o\u0000g\u0000r\u0000a\u0000m\u0000s\u0000\u0000\u0000@\u0000s\u0000h\u0000e\u0000l\u0000l\u00003\u00002\u0000.\u0000d\u0000l\u0000l\u0000,\u0000-\u00002\u00001\u00007\u00008\u00002\u0000\u0000\u0000\u0018\u0000\u0000\u0000\u0001.\u0002\u0000\u0000,\u00022\u0000\u0085\u0005\u0000\u0000\u00edLIX \u0000INTERN~1.LNK\u0000\u0000\u00a6\u0000\b\u0000\u0004\u0000\u00ef\u00be\u00edLIX\u00edLIX*\u0000\u0000\u0000\u00d7,\u0000\u0000\u0000\u0000\u0002\u0000\u0000\u0000\u0000\u0000\u0000\u0000\u0000\u0000V\u0000\u0000\u0000\u0000\u0000I\u0000n\u0000t\u0000e\u0000r\u0000n\u0000e\u0000t\u0000 \u0000E\u0000x\u0000p\u0000l\u0000o\u0000r\u0000e\u0000r\u0000.\u0000l\u0000n\u0000k\u0000\u0000\u0000@\u0000C\u0000:\u0000\\\u0000W\u0000i\u0000n\u0000d\u0000o\u0000w\u0000s\u0000\\\u0000S\u0000y\u0000s\u0000t\u0000e\u0000m\u00003\u00002\u0000\\\u0000i\u0000e\u00004\u0000u\u0000i\u0000n\u0000i\u0000t\u0000.\u0000e\u0000x\u0000e\u0000,\u0000-\u00007\u00003\u00001\u0000\u0000\u0000\u001c\u0000j\u0001\u0005\u0000\u000b\u0000\u00ef\u00be\u0000\u0000\u0000\u0000\u0000\u0000\u0000\u0000C\u0000:\u0000\\\u0000P\u0000r\u0000o\u0000g\u0000r\u0000a\u0000m\u0000 \u0000F\u0000i\u0000l\u0000e\u0000s\u0000\\\u0000I\u0000n\u0000t\u0000e\u0000r\u0000n\u0000e\u0000t\u0000 \u0000E\u0000x\u0000p\u0000l\u0000o\u0000r\u0000e\u0000r\u0000\\\u0000i\u0000e\u0000x\u0000p\u0000l\u0000o\u0000r\u0000e\u0000.\u0000e\u0000x\u0000e\u0000\u0000\u0000\u0000\u0000\u0000\u0000M\u0000i\u0000c\u0000r\u0000o\u0000s\u0000o\u0000f\u0000t\u0000.\u0000I\u0000n\u0000t\u0000e\u0000r\u0000n\u0000e\u0000t\u0000E\u0000x\u0000p\u0000l\u0000o\u0000r\u0000e\u0000r\u0000.\u0000D\u0000e\u0000f\u0000a\u0000u\u0000l\u0000t\u0000\u0000\u0000\u0000\u0000d\\V\u0006\u00fa\u0088\u00cb\u0001\u00e0_\u00dc\u00f6\u0098\u001a\u00d4\u0001\u0001\u0000\u0000\u0000\u0001\u0000\u0000\u0000\u0000\u0000\u0000\u0000{\u00007\u0000C\u00005\u0000A\u00004\u00000\u0000E\u0000F\u0000-\u0000A\u00000\u0000F\u0000B\u0000-\u00004\u0000B\u0000F\u0000C\u0000-\u00008\u00007\u00004\u0000A\u0000-\u0000C\u00000\u0000F\u00002\u0000E\u00000\u0000B\u00009\u0000F\u0000A\u00008\u0000E\u0000}\u0000\\\u0000I\u0000n\u0000t\u0000e\u0000r\u0000n\u0000e\u0000t\u0000 \u0000E\u0000x\u0000p\u0000l\u0000o\u0000r\u0000e\u0000r\u0000\\\u0000i\u0000e\u0000x\u0000p\u0000l\u0000o\u0000r\u0000e\u0000.\u0000e\u0000x\u0000e\u0000\u0000\u0000\u0000\u0000\u0000\u0000\u001c\u0000\u0000\u0000\u0000\u0004\u0001\u0000\u0000~\u00001\u0000\u0000\u0000\u0000\u0000\u00edLIX\u0011\u0000Programs\u0000\u0000f\u0000\b\u0000\u0004\u0000\u00ef\u00be\u00edLBX\u00edLIX*\u0000\u0000\u0000\u009d\u0001\u0000\u0000\u0000\u0000\u0002\u0000\u0000\u0000\u0000\u0000\u0000\u0000\u0000\u0000<\u0000\u0000\u0000\u0000\u0000P\u0000r\u0000o\u0000g\u0000r\u0000a\u0000m\u0000s\u0000\u0000\u0000@\u0000s\u0000h\u0000e\u0000l\u0000l\u00003\u00002\u0000.\u0000d\u0000l\u0000l\u0000,\u0000-\u00002\u00001\u00007\u00008\u00002\u0000\u0000\u0000\u0018\u0000\u0084\u00001\u0000\u0000\u0000\u0000\u0000\u00ee:C%\u0011\u0000ACCESS~1\u0000\u0000l\u0000\b\u0000\u0004\u0000\u00ef\u00be\u00edLBX\u00edLBX*\u0000\u0000\u0000\u009f\u0001\u0000\u0000\u0000\u0000\u0002\u0000\u0000\u0000\u0000\u0000\u0000\u0000\u0000\u0000B\u0000\u0000\u0000\u0000\u0000A\u0000c\u0000c\u0000e\u0000s\u0000s\u0000o\u0000r\u0000i\u0000e\u0000s\u0000\u0000\u0000@\u0000s\u0000h\u0000e\u0000l\u0000l\u00003\u00002\u0000.\u0000d\u0000l\u0000l\u0000,\u0000-\u00002\u00001\u00007\u00006\u00001\u0000\u0000\u0000\u0018\u0000\u0000\u0000\u0001\u00c0\u0001\u0000\u0000\u00be\u00012\u0000\u0000\u0005\u0000\u0000\u00ee:@% \u0000COMMAN~1.LNK\u0000\u0000z\u0000\b\u0000\u0004\u0000\u00ef\u00be\u00edLBX\u00edLBX*\u0000\u0000\u0000\u00b9\u0001\u0000\u0000\u0000\u0000\u0002\u0000\u0000\u0000\u0000\u0000\u0000\u0000\u0000\u0000P\u0000\u0000\u0000\u0000\u0000C\u0000o\u0000m\u0000m\u0000a\u0000n\u0000d\u0000 \u0000P\u0000r\u0000o\u0000m\u0000p\u0000t\u0000.\u0000l\u0000n\u0000k\u0000\u0000\u0000@\u0000s\u0000h\u0000e\u0000l\u0000l\u00003\u00002\u0000.\u0000d\u0000l\u0000l\u0000,\u0000-\u00002\u00002\u00000\u00002\u00002\u0000\u0000\u0000\u001c\u0000(\u0001\u0005\u0000\u000b\u0000\u00ef\u00be\u0000\u0000\u0000\u0000\u0000\u0000\u0000\u0000%\u0000w\u0000i\u0000n\u0000d\u0000i\u0000r\u0000%\u0000\\\u0000s\u0000y\u0000s\u0000t\u0000e\u0000m\u00003\u00002\u0000\\\u0000c\u0000m\u0000d\u0000.\u0000e\u0000x\u0000e\u0000\u0000\u0000\u0000\u0000\u0000\u0000{\u0000D\u00006\u00005\u00002\u00003\u00001\u0000B\u00000\u0000-\u0000B\u00002\u0000F\u00001\u0000-\u00004\u00008\u00005\u00007\u0000-\u0000A\u00004\u0000C\u0000E\u0000-\u0000A\u00008\u0000E\u00007\u0000C\u00006\u0000E\u0000A\u00007\u0000D\u00002\u00007\u0000}\u0000\\\u0000c\u0000m\u0000d\u0000.\u0000e\u0000x\u0000e\u0000\u0000\u0000\u0000\u0000$\u0013M\u00f9\u00f9\u0088\u00cb\u0001\u0090\u00e6\u00ef\u00ed\u0098\u001a\u00d4\u0001\u0000\u0000\u0000\u0000\u0001\u0000\u0000\u0000\u0000\u0000\u0000\u0000{\u0000D\u00006\u00005\u00002\u00003\u00001\u0000B\u00000\u0000-\u0000B\u00002\u0000F\u00001\u0000-\u00004\u00008\u00005\u00007\u0000-\u0000A\u00004\u0000C\u0000E\u0000-\u0000A\u00008\u0000E\u00007\u0000C\u00006\u0000E\u0000A\u00007\u0000D\u00002\u00007\u0000}\u0000\\\u0000c\u0000m\u0000d\u0000.\u0000e\u0000x\u0000e\u0000\u0000\u0000\u0000\u0000\u0000\u0000\u001c\u0000\u0000\u0000\u0001\u00c8\u0001\u0000\u0000\u00c6\u00012\u0000\u0018\u0005\u0000\u0000\u00ee:C% \u0000Notepad.lnk\u0000l\u0000\b\u0000\u0004\u0000\u00ef\u00be\u00edLBX\u00edLBX*\u0000\u0000\u0000\u00c7\u0001\u0000\u0000\u0000\u0000\u0003\u0000\u0000\u0000\u0000\u0000\u0000\u0000\u0000\u0000B\u0000\u0000\u0000\u0000\u0000N\u0000o\u0000t\u0000e\u0000p\u0000a\u0000d\u0000.\u0000l\u0000n\u0000k\u0000\u0000\u0000@\u0000s\u0000h\u0000e\u0000l\u0000l\u00003\u00002\u0000.\u0000d\u0000l\u0000l\u0000,\u0000-\u00002\u00002\u00000\u00005\u00001\u0000\u0000\u0000\u001a\u0000@\u0001\u0005\u0000\u000b\u0000\u00ef\u00be\u0000\u0000\u0000\u0000\u0000\u0000\u0000\u0000%\u0000w\u0000i\u0000n\u0000d\u0000i\u0000r\u0000%\u0000\\\u0000s\u0000y\u0000s\u0000t\u0000e\u0000m\u00003\u00002\u0000\\\u0000n\u0000o\u0000t\u0000e\u0000p\u0000a\u0000d\u0000.\u0000e\u0000x\u0000e\u0000\u0000\u0000\u0000\u0000\u0000\u0000{\u0000D\u00006\u00005\u00002\u00003\u00001\u0000B\u00000\u0000-\u0000B\u00002\u0000F\u00001\u0000-\u00004\u00008\u00005\u00007\u0000-\u0000A\u00004\u0000C\u0000E\u0000-\u0000A\u00008\u0000E\u00007\u0000C\u00006\u0000E\u0000A\u00007\u0000D\u00002\u00007\u0000}\u0000\\\u0000n\u0000o\u0000t\u0000e\u0000p\u0000a\u0000d\u0000.\u0000e\u0000x\u0000e\u0000\u0000\u0000\u0000\u0000\u009be\u0015\u00fb+\u0004\u00ca\u0001 |\u00f4\u00ed\u0098\u001a\u00d4\u0001\u0000\u0000\u0000\u0000\u0001\u0000\u0000\u0000\u0000\u0000\u0000\u0000{\u0000D\u00006\u00005\u00002\u00003\u00001\u0000B\u00000\u0000-\u0000B\u00002\u0000F\u00001\u0000-\u00004\u00008\u00005\u00007\u0000-\u0000A\u00004\u0000C\u0000E\u0000-\u0000A\u00008\u0000E\u00007\u0000C\u00006\u0000E\u0000A\u00007\u0000D\u00002\u00007\u0000}\u0000\\\u0000n\u0000o\u0000t\u0000e\u0000p\u0000a\u0000d\u0000.\u0000e\u0000x\u0000e\u0000\u0000\u0000\u0000\u0000\u0000\u0000\u001a\u0000\u0000\u0000\u0001\u00aa\u0001\u0000\u0000\u00a8\u00012\u0000\u0006\u0001\u0000\u0000\u00ee:\u00b6$ \u0000Run.lnk\u0000d\u0000\b\u0000\u0004\u0000\u00ef\u00be\u00edLBX\u00edLBX*\u0000\u0000\u0000\u00c8\u0001\u0000\u0000\u0000\u0000\u0002\u0000\u0000\u0000\u0000\u0000\u0000\u0000\u0000\u0000:\u0000\u0000\u0000\u0000\u0000R\u0000u\u0000n\u0000.\u0000l\u0000n\u0000k\u0000\u0000\u0000@\u0000s\u0000h\u0000e\u0000l\u0000l\u00003\u00002\u0000.\u0000d\u0000l\u0000l\u0000,\u0000-\u00001\u00002\u00007\u00001\u00000\u0000\u0000\u0000\u0016\u0000.\u0001\u0005\u0000\u000b\u0000\u00ef\u00be\u0000\u0000\u0000\u0000\u0000\u0000\u0000\u0000:\u0000:\u0000{\u00002\u00005\u00005\u00009\u0000A\u00001\u0000F\u00003\u0000-\u00002\u00001\u0000D\u00007\u0000-\u00001\u00001\u0000D\u00004\u0000-\u0000B\u0000D\u0000A\u0000F\u0000-\u00000\u00000\u0000C\u00000\u00004\u0000F\u00006\u00000\u0000B\u00009\u0000F\u00000\u0000}\u0000\u0000\u0000\u0000\u0000\u0000\u0000:\u0000:\u0000{\u00002\u00005\u00005\u00009\u0000A\u00001\u0000F\u00003\u0000-\u00002\u00001\u0000D\u00007\u0000-\u00001\u00001\u0000D\u00004\u0000-\u0000B\u0000D\u0000A\u0000F\u0000-\u00000\u00000\u0000C\u00000\u00004\u0000F\u00006\u00000\u0000B\u00009\u0000F\u00000\u0000}\u0000\u0000\u0000\u0000\u0000\u0000\u0000\u0000\u0000\u0000\u0000\u0000\u0000 |\u00f4\u00ed\u0098\u001a\u00d4\u0001\u0000\u0000\u0000\u0000\u0000\u0000\u0000\u0000\u0000\u0000\u0000\u0000:\u0000:\u0000{\u00002\u00005\u00005\u00009\u0000A\u00001\u0000F\u00003\u0000-\u00002\u00001\u0000D\u00007\u0000-\u00001\u00001\u0000D\u00004\u0000-\u0000B\u0000D\u0000A\u0000F\u0000-\u00000\u00000\u0000C\u00000\u00004\u0000F\u00006\u00000\u0000B\u00009\u0000F\u00000\u0000}\u0000\u0000\u0000\u0000\u0000\u0000\u0000\u0016\u0000\u0000\u0000\u0001\u00d0\u0001\u0000\u0000\u00ce\u00012\u0000\u00cc\u0004\u0000\u0000\u00ee:\u00b6$ \u0000WINDOW~1.LNK\u0000\u0000~\u0000\b\u0000\u0004\u0000\u00ef\u00be\u00edLBX\u00edLBX*\u0000\u0000\u0000\u00b4\u0001\u0000\u0000\u0000\u0000\u0002\u0000\u0000\u0000\u0000\u0000\u0000\u0000\u0000\u0000T\u0000\u0000\u0000\u0000\u0000W\u0000i\u0000n\u0000d\u0000o\u0000w\u0000s\u0000 \u0000E\u0000x\u0000p\u0000l\u0000o\u0000r\u0000e\u0000r\u0000.\u0000l\u0000n\u0000k\u0000\u0000\u0000@\u0000s\u0000h\u0000e\u0000l\u0000l\u00003\u00002\u0000.\u0000d\u0000l\u0000l\u0000,\u0000-\u00002\u00002\u00000\u00006\u00007\u0000\u0000\u0000\u001c\u00004\u0001\u0005\u0000\u000b\u0000\u00ef\u00be\u0000\u0000\u0000\u0000\u0000\u0000\u0000\u0000%\u0000w\u0000i\u0000n\u0000d\u0000i\u0000r\u0000%\u0000\\\u0000e\u0000x\u0000p\u0000l\u0000o\u0000r\u0000e\u0000r\u0000.\u0000e\u0000x\u0000e\u0000\u0000\u0000\u0000\u0000\u0000\u0000{\u0000F\u00003\u00008\u0000B\u0000F\u00004\u00000\u00004\u0000-\u00001\u0000D\u00004\u00003\u0000-\u00004\u00002\u0000F\u00002\u0000-\u00009\u00003\u00000\u00005\u0000-\u00006\u00007\u0000D\u0000E\u00000\u0000B\u00002\u00008\u0000F\u0000C\u00002\u00003\u0000}\u0000\\\u0000e\u0000x\u0000p\u0000l\u0000o\u0000r\u0000e\u0000r\u0000.\u0000e\u0000x\u0000e\u0000\u0000\u0000\u0000\u0000w\u00b7M\u00fe\u00f9\u0088\u00cb\u0001`_\u00ee\u00ed\u0098\u001a\u00d4\u0001\u0000\u0000\u0000\u0000\u0001\u0000\u0000\u0000\u0000\u0000\u0000\u0000{\u0000F\u00003\u00008\u0000B\u0000F\u00004\u00000\u00004\u0000-\u00001\u0000D\u00004\u00003\u0000-\u00004\u00002\u0000F\u00002\u0000-\u00009\u00003\u00000\u00005\u0000-\u00006\u00007\u0000D\u0000E\u00000\u0000B\u00002\u00008\u0000F\u0000C\u00002\u00003\u0000}\u0000\\\u0000e\u0000x\u0000p\u0000l\u0000o\u0000r\u0000e\u0000r\u0000.\u0000e\u0000x\u0000e\u0000\u0000\u0000\u0000\u0000\u0000\u0000\u001c\u0000\u0000\u0000\u0000\u008c\u0001\u0000\u0000~\u00001\u0000\u0000\u0000\u0000\u0000\u00edLIX\u0011\u0000Programs\u0000\u0000f\u0000\b\u0000\u0004\u0000\u00ef\u00be\u00edLBX\u00edLIX*\u0000\u0000\u0000\u009d\u0001\u0000\u0000\u0000\u0000\u0002\u0000\u0000\u0000\u0000\u0000\u0000\u0000\u0000\u0000<\u0000\u0000\u0000\u0000\u0000P\u0000r\u0000o\u0000g\u0000r\u0000a\u0000m\u0000s\u0000\u0000\u0000@\u0000s\u0000h\u0000e\u0000l\u0000l\u00003\u00002\u0000.\u0000d\u0000l\u0000l\u0000,\u0000-\u00002\u00001\u00007\u00008\u00002\u0000\u0000\u0000\u0018\u0000\u0084\u00001\u0000\u0000\u0000\u0000\u0000\u00ee:C%\u0011\u0000ACCESS~1\u0000\u0000l\u0000\b\u0000\u0004\u0000\u00ef\u00be\u00edLBX\u00edLBX*\u0000\u0000\u0000\u009f\u0001\u0000\u0000\u0000\u0000\u0002\u0000\u0000\u0000\u0000\u0000\u0000\u0000\u0000\u0000B\u0000\u0000\u0000\u0000\u0000A\u0000c\u0000c\u0000e\u0000s\u0000s\u0000o\u0000r\u0000i\u0000e\u0000s\u0000\u0000\u0000@\u0000s\u0000h\u0000e\u0000l\u0000l\u00003\u00002\u0000.\u0000d\u0000l\u0000l\u0000,\u0000-\u00002\u00001\u00007\u00006\u00001\u0000\u0000\u0000\u0018\u0000\u0088\u00001\u0000\u0000\u0000\u0000\u0000\u00ee:6%\u0011\u0000ACCESS~1\u0000\u0000p\u0000\b\u0000\u0004\u0000\u00ef\u00be\u00edLBX\u00edLBX*\u0000\u0000\u0000\u00a1\u0001\u0000\u0000\u0000\u0000\u0002\u0000\u0000\u0000\u0000\u0000\u0000\u0000\u0000\u0000F\u0000\u0000\u0000\u0000\u0000A\u0000c\u0000c\u0000e\u0000s\u0000s\u0000i\u0000b\u0000i\u0000l\u0000i\u0000t\u0000y\u0000\u0000\u0000@\u0000s\u0000h\u0000e\u0000l\u0000l\u00003\u00002\u0000.\u0000d\u0000l\u0000l\u0000,\u0000-\u00002\u00001\u00007\u00006\u00000\u0000\u0000\u0000\u0018\u0000\u0000\u0000\u0001h\u0002\u0000\u0000f\u00022\u0000N\u0005\u0000\u0000\u00ee:6% \u0000EASEOF~1.LNK\u0000\u0000\u00ae\u0000\b\u0000\u0004\u0000\u00ef\u00be\u00edLBX\u00edLBX*\u0000\u0000\u0000\u00bd\u0001\u0000\u0000\u0000\u0000\u0002\u0000\u0000\u0000\u0000\u0000\u0000\u0000\u0000\u0000P\u0000\u0000\u0000\u0000\u0000E\u0000a\u0000s\u0000e\u0000 \u0000o\u0000f\u0000 \u0000A\u0000c\u0000c\u0000e\u0000s\u0000s\u0000.\u0000l\u0000n\u0000k\u0000\u0000\u0000@\u0000C\u0000:\u0000\\\u0000W\u0000i\u0000n\u0000d\u0000o\u0000w\u0000s\u0000\\\u0000s\u0000y\u0000s\u0000t\u0000e\u0000m\u00003\u00002\u0000\\\u0000A\u0000c\u0000c\u0000e\u0000s\u0000s\u0000i\u0000b\u0000i\u0000l\u0000i\u0000t\u0000y\u0000C\u0000p\u0000l\u0000.\u0000d\u0000l\u0000l\u0000,\u0000-\u00001\u00000\u0000\u0000\u0000\u001c\u0000\u009c\u0001\u0005\u0000\u000b\u0000\u00ef\u00be\u0000\u0000\u0000\u0000\u0000\u0000\u0000\u0000%\u0000w\u0000i\u0000n\u0000d\u0000i\u0000r\u0000%\u0000\\\u0000s\u0000y\u0000s\u0000t\u0000e\u0000m\u00003\u00002\u0000\\\u0000c\u0000o\u0000n\u0000t\u0000r\u0000o\u0000l\u0000.\u0000e\u0000x\u0000e\u0000\u0000\u0000\u0000\u0000\u0000\u0000M\u0000i\u0000c\u0000r\u0000o\u0000s\u0000o\u0000f\u0000t\u0000.\u0000A\u0000u\u0000t\u0000o\u0000G\u0000e\u0000n\u0000e\u0000r\u0000a\u0000t\u0000e\u0000d\u0000.\u0000{\u00003\u0000C\u0000A\u00006\u00003\u0000B\u0000A\u00004\u0000-\u00003\u0000D\u0000D\u00006\u0000-\u00002\u0000E\u0000A\u0000A\u0000-\u00009\u00003\u00007\u00003\u0000-\u00000\u0000D\u00009\u0000E\u00006\u00001\u0000C\u00002\u00001\u0000C\u00000\u0000B\u0000}\u0000\u0000\u0000/\u0000n\u0000a\u0000m\u0000e\u0000 \u0000M\u0000i\u0000c\u0000r\u0000o\u0000s\u0000o\u0000f\u0000t\u0000.\u0000E\u0000a\u0000s\u0000e\u0000O\u0000f\u0000A\u0000c\u0000c\u0000e\u0000s\u0000s\u0000C\u0000e\u0000n\u0000t\u0000e\u0000r\u0000\u0000\u0000\u009be\u0015\u00fb+\u0004\u00ca\u0001\u00c0m\u00f1\u00ed\u0098\u001a\u00d4\u0001\u0000\u0000\u0000\u0000\u0000\u0000\u0000\u0000\u0000\u0000\u0000\u0000{\u0000D\u00006\u00005\u00002\u00003\u00001\u0000B\u00000\u0000-\u0000B\u00002\u0000F\u00001\u0000-\u00004\u00008\u00005\u00007\u0000-\u0000A\u00004\u0000C\u0000E\u0000-\u0000A\u00008\u0000E\u00007\u0000C\u00006\u0000E\u0000A\u00007\u0000D\u00002\u00007\u0000}\u0000\\\u0000c\u0000o\u0000n\u0000t\u0000r\u0000o\u0000l\u0000.\u0000e\u0000x\u0000e\u0000\u0000\u0000\u0000\u0000\u0000\u0000\u001c\u0000\u0000\u0000\u0001\u00c8\u0001\u0000\u0000\u00c6\u00012\u0000\u00ea\u0004\u0000\u0000\u00ee:6% \u0000Magnify.lnk\u0000l\u0000\b\u0000\u0004\u0000\u00ef\u00be\u00edLBX\u00edLBX*\u0000\u0000\u0000\u00bc\u0001\u0000\u0000\u0000\u0000\u0002\u0000\u0000\u0000\u0000\u0000\u0000\u0000\u0000\u0000B\u0000\u0000\u0000\u0000\u0000M\u0000a\u0000g\u0000n\u0000i\u0000f\u0000y\u0000.\u0000l\u0000n\u0000k\u0000\u0000\u0000@\u0000s\u0000h\u0000e\u0000l\u0000l\u00003\u00002\u0000.\u0000d\u0000l\u0000l\u0000,\u0000-\u00002\u00002\u00000\u00004\u00001\u0000\u0000\u0000\u001a\u0000@\u0001\u0005\u0000\u000b\u0000\u00ef\u00be\u0000\u0000\u0000\u0000\u0000\u0000\u0000\u0000%\u0000w\u0000i\u0000n\u0000d\u0000i\u0000r\u0000%\u0000\\\u0000s\u0000y\u0000s\u0000t\u0000e\u0000m\u00003\u00002\u0000\\\u0000m\u0000a\u0000g\u0000n\u0000i\u0000f\u0000y\u0000.\u0000e\u0000x\u0000e\u0000\u0000\u0000\u0000\u0000\u0000\u0000{\u0000D\u00006\u00005\u00002\u00003\u00001\u0000B\u00000\u0000-\u0000B\u00002\u0000F\u00001\u0000-\u00004\u00008\u00005\u00007\u0000-\u0000A\u00004\u0000C\u0000E\u0000-\u0000A\u00008\u0000E\u00007\u0000C\u0000"], "type": "reboot", "time": 29}
{"category": "regkey_written", "args": ["HKEY_CURRENT_USER\\Software\\Microsoft\\Windows\\CurrentVersion\\Explorer\\StartPage2\\ProgramsCache", "REG_BINARY", "\u0013\u0000\u0000\u0000\u00c3S[bH\u00ab\u00c1N\u00ba\u001f\u00a1\u00efAF\u00fc\u0019\u0000\u0080\u0000\u0000\u0000~\u00001\u0000\u0000\u0000\u0000\u0000\u00edLIX\u0011\u0000Programs\u0000\u0000f\u0000\b\u0000\u0004\u0000\u00ef\u00be\u00edLBX\u00edLIX*\u0000\u0000\u0000\u009d\u0001\u0000\u0000\u0000\u0000\u0002\u0000\u0000\u0000\u0000\u0000\u0000\u0000\u0000\u0000<\u0000\u0000\u0000\u0000\u0000P\u0000r\u0000o\u0000g\u0000r\u0000a\u0000m\u0000s\u0000\u0000\u0000@\u0000s\u0000h\u0000e\u0000l\u0000l\u00003\u00002\u0000.\u0000d\u0000l\u0000l\u0000,\u0000-\u00002\u00001\u00007\u00008\u00002\u0000\u0000\u0000\u0018\u0000\u0000\u0000\u0001.\u0002\u0000\u0000,\u00022\u0000\u0085\u0005\u0000\u0000\u00edLIX \u0000INTERN~1.LNK\u0000\u0000\u00a6\u0000\b\u0000\u0004\u0000\u00ef\u00be\u00edLIX\u00edLIX*\u0000\u0000\u0000\u00d7,\u0000\u0000\u0000\u0000\u0002\u0000\u0000\u0000\u0000\u0000\u0000\u0000\u0000\u0000V\u0000\u0000\u0000\u0000\u0000I\u0000n\u0000t\u0000e\u0000r\u0000n\u0000e\u0000t\u0000 \u0000E\u0000x\u0000p\u0000l\u0000o\u0000r\u0000e\u0000r\u0000.\u0000l\u0000n\u0000k\u0000\u0000\u0000@\u0000C\u0000:\u0000\\\u0000W\u0000i\u0000n\u0000d\u0000o\u0000w\u0000s\u0000\\\u0000S\u0000y\u0000s\u0000t\u0000e\u0000m\u00003\u00002\u0000\\\u0000i\u0000e\u00004\u0000u\u0000i\u0000n\u0000i\u0000t\u0000.\u0000e\u0000x\u0000e\u0000,\u0000-\u00007\u00003\u00001\u0000\u0000\u0000\u001c\u0000j\u0001\u0005\u0000\u000b\u0000\u00ef\u00be\u0000\u0000\u0000\u0000\u0000\u0000\u0000\u0000C\u0000:\u0000\\\u0000P\u0000r\u0000o\u0000g\u0000r\u0000a\u0000m\u0000 \u0000F\u0000i\u0000l\u0000e\u0000s\u0000\\\u0000I\u0000n\u0000t\u0000e\u0000r\u0000n\u0000e\u0000t\u0000 \u0000E\u0000x\u0000p\u0000l\u0000o\u0000r\u0000e\u0000r\u0000\\\u0000i\u0000e\u0000x\u0000p\u0000l\u0000o\u0000r\u0000e\u0000.\u0000e\u0000x\u0000e\u0000\u0000\u0000\u0000\u0000\u0000\u0000M\u0000i\u0000c\u0000r\u0000o\u0000s\u0000o\u0000f\u0000t\u0000.\u0000I\u0000n\u0000t\u0000e\u0000r\u0000n\u0000e\u0000t\u0000E\u0000x\u0000p\u0000l\u0000o\u0000r\u0000e\u0000r\u0000.\u0000D\u0000e\u0000f\u0000a\u0000u\u0000l\u0000t\u0000\u0000\u0000\u0000\u0000d\\V\u0006\u00fa\u0088\u00cb\u0001\u00e0_\u00dc\u00f6\u0098\u001a\u00d4\u0001\u0001\u0000\u0000\u0000\u0001\u0000\u0000\u0000\u0000\u0000\u0000\u0000{\u00007\u0000C\u00005\u0000A\u00004\u00000\u0000E\u0000F\u0000-\u0000A\u00000\u0000F\u0000B\u0000-\u00004\u0000B\u0000F\u0000C\u0000-\u00008\u00007\u00004\u0000A\u0000-\u0000C\u00000\u0000F\u00002\u0000E\u00000\u0000B\u00009\u0000F\u0000A\u00008\u0000E\u0000}\u0000\\\u0000I\u0000n\u0000t\u0000e\u0000r\u0000n\u0000e\u0000t\u0000 \u0000E\u0000x\u0000p\u0000l\u0000o\u0000r\u0000e\u0000r\u0000\\\u0000i\u0000e\u0000x\u0000p\u0000l\u0000o\u0000r\u0000e\u0000.\u0000e\u0000x\u0000e\u0000\u0000\u0000\u0000\u0000\u0000\u0000\u001c\u0000\u0000\u0000\u0000\u0004\u0001\u0000\u0000~\u00001\u0000\u0000\u0000\u0000\u0000\u00edLIX\u0011\u0000Programs\u0000\u0000f\u0000\b\u0000\u0004\u0000\u00ef\u00be\u00edLBX\u00edLIX*\u0000\u0000\u0000\u009d\u0001\u0000\u0000\u0000\u0000\u0002\u0000\u0000\u0000\u0000\u0000\u0000\u0000\u0000\u0000<\u0000\u0000\u0000\u0000\u0000P\u0000r\u0000o\u0000g\u0000r\u0000a\u0000m\u0000s\u0000\u0000\u0000@\u0000s\u0000h\u0000e\u0000l\u0000l\u00003\u00002\u0000.\u0000d\u0000l\u0000l\u0000,\u0000-\u00002\u00001\u00007\u00008\u00002\u0000\u0000\u0000\u0018\u0000\u0084\u00001\u0000\u0000\u0000\u0000\u0000\u00ee:C%\u0011\u0000ACCESS~1\u0000\u0000l\u0000\b\u0000\u0004\u0000\u00ef\u00be\u00edLBX\u00edLBX*\u0000\u0000\u0000\u009f\u0001\u0000\u0000\u0000\u0000\u0002\u0000\u0000\u0000\u0000\u0000\u0000\u0000\u0000\u0000B\u0000\u0000\u0000\u0000\u0000A\u0000c\u0000c\u0000e\u0000s\u0000s\u0000o\u0000r\u0000i\u0000e\u0000s\u0000\u0000\u0000@\u0000s\u0000h\u0000e\u0000l\u0000l\u00003\u00002\u0000.\u0000d\u0000l\u0000l\u0000,\u0000-\u00002\u00001\u00007\u00006\u00001\u0000\u0000\u0000\u0018\u0000\u0000\u0000\u0001\u00c0\u0001\u0000\u0000\u00be\u00012\u0000\u0000\u0005\u0000\u0000\u00ee:@% \u0000COMMAN~1.LNK\u0000\u0000z\u0000\b\u0000\u0004\u0000\u00ef\u00be\u00edLBX\u00edLBX*\u0000\u0000\u0000\u00b9\u0001\u0000\u0000\u0000\u0000\u0002\u0000\u0000\u0000\u0000\u0000\u0000\u0000\u0000\u0000P\u0000\u0000\u0000\u0000\u0000C\u0000o\u0000m\u0000m\u0000a\u0000n\u0000d\u0000 \u0000P\u0000r\u0000o\u0000m\u0000p\u0000t\u0000.\u0000l\u0000n\u0000k\u0000\u0000\u0000@\u0000s\u0000h\u0000e\u0000l\u0000l\u00003\u00002\u0000.\u0000d\u0000l\u0000l\u0000,\u0000-\u00002\u00002\u00000\u00002\u00002\u0000\u0000\u0000\u001c\u0000(\u0001\u0005\u0000\u000b\u0000\u00ef\u00be\u0000\u0000\u0000\u0000\u0000\u0000\u0000\u0000%\u0000w\u0000i\u0000n\u0000d\u0000i\u0000r\u0000%\u0000\\\u0000s\u0000y\u0000s\u0000t\u0000e\u0000m\u00003\u00002\u0000\\\u0000c\u0000m\u0000d\u0000.\u0000e\u0000x\u0000e\u0000\u0000\u0000\u0000\u0000\u0000\u0000{\u0000D\u00006\u00005\u00002\u00003\u00001\u0000B\u00000\u0000-\u0000B\u00002\u0000F\u00001\u0000-\u00004\u00008\u00005\u00007\u0000-\u0000A\u00004\u0000C\u0000E\u0000-\u0000A\u00008\u0000E\u00007\u0000C\u00006\u0000E\u0000A\u00007\u0000D\u00002\u00007\u0000}\u0000\\\u0000c\u0000m\u0000d\u0000.\u0000e\u0000x\u0000e\u0000\u0000\u0000\u0000\u0000$\u0013M\u00f9\u00f9\u0088\u00cb\u0001\u0090\u00e6\u00ef\u00ed\u0098\u001a\u00d4\u0001\u0000\u0000\u0000\u0000\u0001\u0000\u0000\u0000\u0000\u0000\u0000\u0000{\u0000D\u00006\u00005\u00002\u00003\u00001\u0000B\u00000\u0000-\u0000B\u00002\u0000F\u00001\u0000-\u00004\u00008\u00005\u00007\u0000-\u0000A\u00004\u0000C\u0000E\u0000-\u0000A\u00008\u0000E\u00007\u0000C\u00006\u0000E\u0000A\u00007\u0000D\u00002\u00007\u0000}\u0000\\\u0000c\u0000m\u0000d\u0000.\u0000e\u0000x\u0000e\u0000\u0000\u0000\u0000\u0000\u0000\u0000\u001c\u0000\u0000\u0000\u0001\u00c8\u0001\u0000\u0000\u00c6\u00012\u0000\u0018\u0005\u0000\u0000\u00ee:C% \u0000Notepad.lnk\u0000l\u0000\b\u0000\u0004\u0000\u00ef\u00be\u00edLBX\u00edLBX*\u0000\u0000\u0000\u00c7\u0001\u0000\u0000\u0000\u0000\u0003\u0000\u0000\u0000\u0000\u0000\u0000\u0000\u0000\u0000B\u0000\u0000\u0000\u0000\u0000N\u0000o\u0000t\u0000e\u0000p\u0000a\u0000d\u0000.\u0000l\u0000n\u0000k\u0000\u0000\u0000@\u0000s\u0000h\u0000e\u0000l\u0000l\u00003\u00002\u0000.\u0000d\u0000l\u0000l\u0000,\u0000-\u00002\u00002\u00000\u00005\u00001\u0000\u0000\u0000\u001a\u0000@\u0001\u0005\u0000\u000b\u0000\u00ef\u00be\u0000\u0000\u0000\u0000\u0000\u0000\u0000\u0000%\u0000w\u0000i\u0000n\u0000d\u0000i\u0000r\u0000%\u0000\\\u0000s\u0000y\u0000s\u0000t\u0000e\u0000m\u00003\u00002\u0000\\\u0000n\u0000o\u0000t\u0000e\u0000p\u0000a\u0000d\u0000.\u0000e\u0000x\u0000e\u0000\u0000\u0000\u0000\u0000\u0000\u0000{\u0000D\u00006\u00005\u00002\u00003\u00001\u0000B\u00000\u0000-\u0000B\u00002\u0000F\u00001\u0000-\u00004\u00008\u00005\u00007\u0000-\u0000A\u00004\u0000C\u0000E\u0000-\u0000A\u00008\u0000E\u00007\u0000C\u00006\u0000E\u0000A\u00007\u0000D\u00002\u00007\u0000}\u0000\\\u0000n\u0000o\u0000t\u0000e\u0000p\u0000a\u0000d\u0000.\u0000e\u0000x\u0000e\u0000\u0000\u0000\u0000\u0000\u009be\u0015\u00fb+\u0004\u00ca\u0001 |\u00f4\u00ed\u0098\u001a\u00d4\u0001\u0000\u0000\u0000\u0000\u0001\u0000\u0000\u0000\u0000\u0000\u0000\u0000{\u0000D\u00006\u00005\u00002\u00003\u00001\u0000B\u00000\u0000-\u0000B\u00002\u0000F\u00001\u0000-\u00004\u00008\u00005\u00007\u0000-\u0000A\u00004\u0000C\u0000E\u0000-\u0000A\u00008\u0000E\u00007\u0000C\u00006\u0000E\u0000A\u00007\u0000D\u00002\u00007\u0000}\u0000\\\u0000n\u0000o\u0000t\u0000e\u0000p\u0000a\u0000d\u0000.\u0000e\u0000x\u0000e\u0000\u0000\u0000\u0000\u0000\u0000\u0000\u001a\u0000\u0000\u0000\u0001\u00aa\u0001\u0000\u0000\u00a8\u00012\u0000\u0006\u0001\u0000\u0000\u00ee:\u00b6$ \u0000Run.lnk\u0000d\u0000\b\u0000\u0004\u0000\u00ef\u00be\u00edLBX\u00edLBX*\u0000\u0000\u0000\u00c8\u0001\u0000\u0000\u0000\u0000\u0002\u0000\u0000\u0000\u0000\u0000\u0000\u0000\u0000\u0000:\u0000\u0000\u0000\u0000\u0000R\u0000u\u0000n\u0000.\u0000l\u0000n\u0000k\u0000\u0000\u0000@\u0000s\u0000h\u0000e\u0000l\u0000l\u00003\u00002\u0000.\u0000d\u0000l\u0000l\u0000,\u0000-\u00001\u00002\u00007\u00001\u00000\u0000\u0000\u0000\u0016\u0000.\u0001\u0005\u0000\u000b\u0000\u00ef\u00be\u0000\u0000\u0000\u0000\u0000\u0000\u0000\u0000:\u0000:\u0000{\u00002\u00005\u00005\u00009\u0000A\u00001\u0000F\u00003\u0000-\u00002\u00001\u0000D\u00007\u0000-\u00001\u00001\u0000D\u00004\u0000-\u0000B\u0000D\u0000A\u0000F\u0000-\u00000\u00000\u0000C\u00000\u00004\u0000F\u00006\u00000\u0000B\u00009\u0000F\u00000\u0000}\u0000\u0000\u0000\u0000\u0000\u0000\u0000:\u0000:\u0000{\u00002\u00005\u00005\u00009\u0000A\u00001\u0000F\u00003\u0000-\u00002\u00001\u0000D\u00007\u0000-\u00001\u00001\u0000D\u00004\u0000-\u0000B\u0000D\u0000A\u0000F\u0000-\u00000\u00000\u0000C\u00000\u00004\u0000F\u00006\u00000\u0000B\u00009\u0000F\u00000\u0000}\u0000\u0000\u0000\u0000\u0000\u0000\u0000\u0000\u0000\u0000\u0000\u0000\u0000 |\u00f4\u00ed\u0098\u001a\u00d4\u0001\u0000\u0000\u0000\u0000\u0000\u0000\u0000\u0000\u0000\u0000\u0000\u0000:\u0000:\u0000{\u00002\u00005\u00005\u00009\u0000A\u00001\u0000F\u00003\u0000-\u00002\u00001\u0000D\u00007\u0000-\u00001\u00001\u0000D\u00004\u0000-\u0000B\u0000D\u0000A\u0000F\u0000-\u00000\u00000\u0000C\u00000\u00004\u0000F\u00006\u00000\u0000B\u00009\u0000F\u00000\u0000}\u0000\u0000\u0000\u0000\u0000\u0000\u0000\u0016\u0000\u0000\u0000\u0001\u00d0\u0001\u0000\u0000\u00ce\u00012\u0000\u00cc\u0004\u0000\u0000\u00ee:\u00b6$ \u0000WINDOW~1.LNK\u0000\u0000~\u0000\b\u0000\u0004\u0000\u00ef\u00be\u00edLBX\u00edLBX*\u0000\u0000\u0000\u00b4\u0001\u0000\u0000\u0000\u0000\u0002\u0000\u0000\u0000\u0000\u0000\u0000\u0000\u0000\u0000T\u0000\u0000\u0000\u0000\u0000W\u0000i\u0000n\u0000d\u0000o\u0000w\u0000s\u0000 \u0000E\u0000x\u0000p\u0000l\u0000o\u0000r\u0000e\u0000r\u0000.\u0000l\u0000n\u0000k\u0000\u0000\u0000@\u0000s\u0000h\u0000e\u0000l\u0000l\u00003\u00002\u0000.\u0000d\u0000l\u0000l\u0000,\u0000-\u00002\u00002\u00000\u00006\u00007\u0000\u0000\u0000\u001c\u00004\u0001\u0005\u0000\u000b\u0000\u00ef\u00be\u0000\u0000\u0000\u0000\u0000\u0000\u0000\u0000%\u0000w\u0000i\u0000n\u0000d\u0000i\u0000r\u0000%\u0000\\\u0000e\u0000x\u0000p\u0000l\u0000o\u0000r\u0000e\u0000r\u0000.\u0000e\u0000x\u0000e\u0000\u0000\u0000\u0000\u0000\u0000\u0000{\u0000F\u00003\u00008\u0000B\u0000F\u00004\u00000\u00004\u0000-\u00001\u0000D\u00004\u00003\u0000-\u00004\u00002\u0000F\u00002\u0000-\u00009\u00003\u00000\u00005\u0000-\u00006\u00007\u0000D\u0000E\u00000\u0000B\u00002\u00008\u0000F\u0000C\u00002\u00003\u0000}\u0000\\\u0000e\u0000x\u0000p\u0000l\u0000o\u0000r\u0000e\u0000r\u0000.\u0000e\u0000x\u0000e\u0000\u0000\u0000\u0000\u0000w\u00b7M\u00fe\u00f9\u0088\u00cb\u0001`_\u00ee\u00ed\u0098\u001a\u00d4\u0001\u0000\u0000\u0000\u0000\u0001\u0000\u0000\u0000\u0000\u0000\u0000\u0000{\u0000F\u00003\u00008\u0000B\u0000F\u00004\u00000\u00004\u0000-\u00001\u0000D\u00004\u00003\u0000-\u00004\u00002\u0000F\u00002\u0000-\u00009\u00003\u00000\u00005\u0000-\u00006\u00007\u0000D\u0000E\u00000\u0000B\u00002\u00008\u0000F\u0000C\u00002\u00003\u0000}\u0000\\\u0000e\u0000x\u0000p\u0000l\u0000o\u0000r\u0000e\u0000r\u0000.\u0000e\u0000x\u0000e\u0000\u0000\u0000\u0000\u0000\u0000\u0000\u001c\u0000\u0000\u0000\u0000\u008c\u0001\u0000\u0000~\u00001\u0000\u0000\u0000\u0000\u0000\u00edLIX\u0011\u0000Programs\u0000\u0000f\u0000\b\u0000\u0004\u0000\u00ef\u00be\u00edLBX\u00edLIX*\u0000\u0000\u0000\u009d\u0001\u0000\u0000\u0000\u0000\u0002\u0000\u0000\u0000\u0000\u0000\u0000\u0000\u0000\u0000<\u0000\u0000\u0000\u0000\u0000P\u0000r\u0000o\u0000g\u0000r\u0000a\u0000m\u0000s\u0000\u0000\u0000@\u0000s\u0000h\u0000e\u0000l\u0000l\u00003\u00002\u0000.\u0000d\u0000l\u0000l\u0000,\u0000-\u00002\u00001\u00007\u00008\u00002\u0000\u0000\u0000\u0018\u0000\u0084\u00001\u0000\u0000\u0000\u0000\u0000\u00ee:C%\u0011\u0000ACCESS~1\u0000\u0000l\u0000\b\u0000\u0004\u0000\u00ef\u00be\u00edLBX\u00edLBX*\u0000\u0000\u0000\u009f\u0001\u0000\u0000\u0000\u0000\u0002\u0000\u0000\u0000\u0000\u0000\u0000\u0000\u0000\u0000B\u0000\u0000\u0000\u0000\u0000A\u0000c\u0000c\u0000e\u0000s\u0000s\u0000o\u0000r\u0000i\u0000e\u0000s\u0000\u0000\u0000@\u0000s\u0000h\u0000e\u0000l\u0000l\u00003\u00002\u0000.\u0000d\u0000l\u0000l\u0000,\u0000-\u00002\u00001\u00007\u00006\u00001\u0000\u0000\u0000\u0018\u0000\u0088\u00001\u0000\u0000\u0000\u0000\u0000\u00ee:6%\u0011\u0000ACCESS~1\u0000\u0000p\u0000\b\u0000\u0004\u0000\u00ef\u00be\u00edLBX\u00edLBX*\u0000\u0000\u0000\u00a1\u0001\u0000\u0000\u0000\u0000\u0002\u0000\u0000\u0000\u0000\u0000\u0000\u0000\u0000\u0000F\u0000\u0000\u0000\u0000\u0000A\u0000c\u0000c\u0000e\u0000s\u0000s\u0000i\u0000b\u0000i\u0000l\u0000i\u0000t\u0000y\u0000\u0000\u0000@\u0000s\u0000h\u0000e\u0000l\u0000l\u00003\u00002\u0000.\u0000d\u0000l\u0000l\u0000,\u0000-\u00002\u00001\u00007\u00006\u00000\u0000\u0000\u0000\u0018\u0000\u0000\u0000\u0001h\u0002\u0000\u0000f\u00022\u0000N\u0005\u0000\u0000\u00ee:6% \u0000EASEOF~1.LNK\u0000\u0000\u00ae\u0000\b\u0000\u0004\u0000\u00ef\u00be\u00edLBX\u00edLBX*\u0000\u0000\u0000\u00bd\u0001\u0000\u0000\u0000\u0000\u0002\u0000\u0000\u0000\u0000\u0000\u0000\u0000\u0000\u0000P\u0000\u0000\u0000\u0000\u0000E\u0000a\u0000s\u0000e\u0000 \u0000o\u0000f\u0000 \u0000A\u0000c\u0000c\u0000e\u0000s\u0000s\u0000.\u0000l\u0000n\u0000k\u0000\u0000\u0000@\u0000C\u0000:\u0000\\\u0000W\u0000i\u0000n\u0000d\u0000o\u0000w\u0000s\u0000\\\u0000s\u0000y\u0000s\u0000t\u0000e\u0000m\u00003\u00002\u0000\\\u0000A\u0000c\u0000c\u0000e\u0000s\u0000s\u0000i\u0000b\u0000i\u0000l\u0000i\u0000t\u0000y\u0000C\u0000p\u0000l\u0000.\u0000d\u0000l\u0000l\u0000,\u0000-\u00001\u00000\u0000\u0000\u0000\u001c\u0000\u009c\u0001\u0005\u0000\u000b\u0000\u00ef\u00be\u0000\u0000\u0000\u0000\u0000\u0000\u0000\u0000%\u0000w\u0000i\u0000n\u0000d\u0000i\u0000r\u0000%\u0000\\\u0000s\u0000y\u0000s\u0000t\u0000e\u0000m\u00003\u00002\u0000\\\u0000c\u0000o\u0000n\u0000t\u0000r\u0000o\u0000l\u0000.\u0000e\u0000x\u0000e\u0000\u0000\u0000\u0000\u0000\u0000\u0000M\u0000i\u0000c\u0000r\u0000o\u0000s\u0000o\u0000f\u0000t\u0000.\u0000A\u0000u\u0000t\u0000o\u0000G\u0000e\u0000n\u0000e\u0000r\u0000a\u0000t\u0000e\u0000d\u0000.\u0000{\u00003\u0000C\u0000A\u00006\u00003\u0000B\u0000A\u00004\u0000-\u00003\u0000D\u0000D\u00006\u0000-\u00002\u0000E\u0000A\u0000A\u0000-\u00009\u00003\u00007\u00003\u0000-\u00000\u0000D\u00009\u0000E\u00006\u00001\u0000C\u00002\u00001\u0000C\u00000\u0000B\u0000}\u0000\u0000\u0000/\u0000n\u0000a\u0000m\u0000e\u0000 \u0000M\u0000i\u0000c\u0000r\u0000o\u0000s\u0000o\u0000f\u0000t\u0000.\u0000E\u0000a\u0000s\u0000e\u0000O\u0000f\u0000A\u0000c\u0000c\u0000e\u0000s\u0000s\u0000C\u0000e\u0000n\u0000t\u0000e\u0000r\u0000\u0000\u0000\u009be\u0015\u00fb+\u0004\u00ca\u0001\u00c0m\u00f1\u00ed\u0098\u001a\u00d4\u0001\u0000\u0000\u0000\u0000\u0000\u0000\u0000\u0000\u0000\u0000\u0000\u0000{\u0000D\u00006\u00005\u00002\u00003\u00001\u0000B\u00000\u0000-\u0000B\u00002\u0000F\u00001\u0000-\u00004\u00008\u00005\u00007\u0000-\u0000A\u00004\u0000C\u0000E\u0000-\u0000A\u00008\u0000E\u00007\u0000C\u00006\u0000E\u0000A\u00007\u0000D\u00002\u00007\u0000}\u0000\\\u0000c\u0000o\u0000n\u0000t\u0000r\u0000o\u0000l\u0000.\u0000e\u0000x\u0000e\u0000\u0000\u0000\u0000\u0000\u0000\u0000\u001c\u0000\u0000\u0000\u0001\u00c8\u0001\u0000\u0000\u00c6\u00012\u0000\u00ea\u0004\u0000\u0000\u00ee:6% \u0000Magnify.lnk\u0000l\u0000\b\u0000\u0004\u0000\u00ef\u00be\u00edLBX\u00edLBX*\u0000\u0000\u0000\u00bc\u0001\u0000\u0000\u0000\u0000\u0002\u0000\u0000\u0000\u0000\u0000\u0000\u0000\u0000\u0000B\u0000\u0000\u0000\u0000\u0000M\u0000a\u0000g\u0000n\u0000i\u0000f\u0000y\u0000.\u0000l\u0000n\u0000k\u0000\u0000\u0000@\u0000s\u0000h\u0000e\u0000l\u0000l\u00003\u00002\u0000.\u0000d\u0000l\u0000l\u0000,\u0000-\u00002\u00002\u00000\u00004\u00001\u0000\u0000\u0000\u001a\u0000@\u0001\u0005\u0000\u000b\u0000\u00ef\u00be\u0000\u0000\u0000\u0000\u0000\u0000\u0000\u0000%\u0000w\u0000i\u0000n\u0000d\u0000i\u0000r\u0000%\u0000\\\u0000s\u0000y\u0000s\u0000t\u0000e\u0000m\u00003\u00002\u0000\\\u0000m\u0000a\u0000g\u0000n\u0000i\u0000f\u0000y\u0000.\u0000e\u0000x\u0000e\u0000\u0000\u0000\u0000\u0000\u0000\u0000{\u0000D\u00006\u00005\u00002\u00003\u00001\u0000B\u00000\u0000-\u0000B\u00002\u0000F\u00001\u0000-\u00004\u00008\u00005\u00007\u0000-\u0000A\u00004\u0000C\u0000E\u0000-\u0000A\u00008\u0000E\u00007\u0000C\u0000"], "type": "reboot", "time": 29}
{"category": "regkey_written", "args": ["HKEY_CURRENT_USER\\Software\\Microsoft\\Windows\\CurrentVersion\\Shell Extensions\\Cached\\{ED50FC29-B964-48A9-AFB3-15EBB9B97F36} {ADD8BA80-002B-11D0-8F0F-00C04FD7D062} 0xFFFF", "REG_BINARY", "\u0001\u0000\u0000\u0000\u0000\u0000\u0000\u0000E\u00b8u\u00b5!\u00ff\u00d4\u0001"], "type": "reboot", "time": 29}
{"category": "regkey_written", "args": ["HKEY_LOCAL_MACHINE\\SOFTWARE\\WanaCrypt0r\\wd", "REG_SZ", "C:\\Users\\karina\\AppData\\Local\\Temp"], "type": "reboot", "time": 29}
