{"started_on": {"$dt": "2019-04-29T20:14:29.184665"}, "duration": 142, "sample_id": 77, "owner": null, "id": 78, "category": "file", "priority": 2, "guest": {"status": "stopped", "name": "cuckoo1", "label": "karina7", "manager": "VirtualBox", "started_on": "2019-04-29 20:14:29", "shutdown_on": "2019-04-29 20:16:44"}, "clock": {"$dt": "2019-04-29T20:01:01.983172"}, "custom": null, "machine": null, "platform": "windows", "memory": false, "status": "completed", "tags": [], "processing": null, "enforce_timeout": false, "completed_on": {"$dt": "2019-04-29T20:16:51.922568"}, "target": "/tmp/cuckoo-tmp-karina/tmpUsJpSJ/wannacry.exe", "package": "exe", "route": "none", "timeout": 60, "submit_id": 44, "options": {"route": "none"}, "added_on": {"$dt": "2019-04-29T20:01:01.983186"}}