{"started_on": {"$dt": "2019-04-29T20:07:14.382493"}, "duration": 135, "sample_id": 73, "owner": null, "id": 74, "category": "file", "priority": 2, "guest": {"status": "stopped", "name": "cuckoo1", "label": "karina7", "manager": "VirtualBox", "started_on": "2019-04-29 20:07:16", "shutdown_on": "2019-04-29 20:09:27"}, "clock": {"$dt": "2019-04-29T20:01:01.800864"}, "custom": null, "machine": null, "platform": "windows", "memory": false, "status": "completed", "tags": [], "processing": null, "enforce_timeout": false, "completed_on": {"$dt": "2019-04-29T20:09:29.523014"}, "target": "/tmp/cuckoo-tmp-karina/tmpLkIPQD/petya.exe", "package": "exe", "route": "none", "timeout": 60, "submit_id": 44, "options": {"route": "none"}, "added_on": {"$dt": "2019-04-29T20:01:01.800880"}}