{"path": "shots/0001.jpg", "pids": [], "filepath": null}
{"path": "shots/0002.jpg", "pids": [], "filepath": null}
{"path": "shots/0003.jpg", "pids": [], "filepath": null}
{"path": "shots/0004.jpg", "pids": [], "filepath": null}
{"path": "shots/0005.jpg", "pids": [], "filepath": null}
{"path": "shots/0006.jpg", "pids": [], "filepath": null}
{"path": "shots/0007.jpg", "pids": [], "filepath": null}
{"path": "shots/0008.jpg", "pids": [], "filepath": null}
{"path": "shots/0009.jpg", "pids": [], "filepath": null}
{"path": "shots/0010.jpg", "pids": [], "filepath": null}
{"path": "shots/0011.jpg", "pids": [], "filepath": null}
{"path": "shots/0012.jpg", "pids": [], "filepath": null}
{"path": "shots/0013.jpg", "pids": [], "filepath": null}
{"path": "shots/0014.jpg", "pids": [], "filepath": null}
{"path": "shots/0015.jpg", "pids": [], "filepath": null}
{"path": "shots/0016.jpg", "pids": [], "filepath": null}
{"path": "shots/0017.jpg", "pids": [], "filepath": null}
{"path": "shots/0018.jpg", "pids": [], "filepath": null}
{"path": "shots/0019.jpg", "pids": [], "filepath": null}
{"path": "shots/0020.jpg", "pids": [], "filepath": null}
{"path": "shots/0021.jpg", "pids": [], "filepath": null}
{"path": "files/dc9a03120c937119_cerber.exe", "pids": [], "filepath": "C:\\Users\\karina\\AppData\\Local\\Temp\\cerber.exe"}
{"path": "files/67e54e67c0d1ced8_-9q5zspjgb.bacc", "pids": [3732], "filepath": "c:\\tmpti0sqo\\modules\\packages\\-9q5zspjgb.bacc"}
{"path": "files/85a4ca7b1a3b09a1_pre6ueoxa3.bacc", "pids": [3732], "filepath": "c:\\tmpwcgdlz\\modules\\packages\\pre6ueoxa3.bacc"}
{"path": "files/550e67d6ae363b4d__r_e_a_d___t_h_i_s___0kx2_.hta", "pids": [3732], "filepath": "C:\\tmpofrbzs\\lib\\api\\_R_E_A_D___T_H_I_S___0KX2_.hta"}
{"path": "files/f97506f055bf8949_mljjr9vklf.bacc", "pids": [3732], "filepath": "c:\\tmpwcgdlz\\mljjr9vklf.bacc"}
{"path": "files/2d904bff9b00d640_eb8djlqgbl.bacc", "pids": [3732], "filepath": "c:\\users\\karina\\documents\\eb8djlqgbl.bacc"}
{"path": "files/c7c94b5d2a231fd0_wtlml-yqgv.bacc", "pids": [3732], "filepath": "c:\\tmpjzctjr\\modules\\auxiliary\\wtlml-yqgv.bacc"}
{"path": "files/57fe20fd7ace1fe4__r_e_a_d___t_h_i_s___b01cm0_.txt", "pids": [3732], "filepath": "C:\\tmpofrbzs\\modules\\packages\\_R_E_A_D___T_H_I_S___B01CM0_.txt"}
{"path": "files/03c3f30c0cba4ea9_mruzxwjzmz.bacc", "pids": [3732], "filepath": "c:\\users\\karina\\documents\\mruzxwjzmz.bacc"}
{"path": "files/af4c8b732e699d61_e1pzpwqbqk.bacc", "pids": [3732], "filepath": "c:\\tmpjzctjr\\lib\\core\\e1pzpwqbqk.bacc"}
{"path": "files/3fd0d312ee402a37_jftfoey89b.bacc", "pids": [3732], "filepath": "c:\\tmpofrbzs\\modules\\packages\\jftfoey89b.bacc"}
{"path": "files/2e69039fd80c2347_jdd0o7y-te.bacc", "pids": [3732], "filepath": "c:\\tmpwcgdlz\\modules\\packages\\jdd0o7y-te.bacc"}
{"path": "files/d61553b131fa8a1e_cyvik0iuws.bacc", "pids": [3732], "filepath": "c:\\tmpjofgjs\\cyvik0iuws.bacc"}
{"path": "files/a14cb45b6c5fffa1_xsz36ewrs0.bacc", "pids": [3732], "filepath": "c:\\tmpofrbzs\\modules\\auxiliary\\xsz36ewrs0.bacc"}
{"path": "files/799a89bc8d9b5343_f-2vw55agn.bacc", "pids": [3732], "filepath": "c:\\users\\karina\\documents\\f-2vw55agn.bacc"}
{"path": "files/712a26b2dcf3859e_l0rowcva0e.bacc", "pids": [3732], "filepath": "c:\\tmpjofgjs\\modules\\packages\\l0rowcva0e.bacc"}
{"path": "files/3caf346fa0e4c1aa_q4nlf0oexq.bacc", "pids": [3732], "filepath": "c:\\tmpjzctjr\\lib\\common\\q4nlf0oexq.bacc"}
{"path": "files/db8517cd63ba0113_svmayl8gcg.bacc", "pids": [3732], "filepath": "c:\\tmpjzctjr\\lib\\core\\svmayl8gcg.bacc"}
{"path": "files/fe5541d190b8c6ef_t1rqkispt7.bacc", "pids": [3732], "filepath": "c:\\tmpti0sqo\\lib\\core\\t1rqkispt7.bacc"}
{"path": "files/280b17f5f5578868_slh2yg260i.bacc", "pids": [3732], "filepath": "c:\\tmpjofgjs\\lib\\core\\slh2yg260i.bacc"}
{"path": "files/c13bd10afbaf9404_j6kuhvw2hs.bacc", "pids": [3732], "filepath": "c:\\users\\karina\\documents\\j6kuhvw2hs.bacc"}
{"path": "files/4fa65f6b0123c7a4_uuh1g3laf9.bacc", "pids": [3732], "filepath": "c:\\tmpti0sqo\\uuh1g3laf9.bacc"}
{"path": "files/38be03de63c98580_4455.tmp", "pids": [3732], "filepath": "C:\\Users\\karina\\AppData\\Local\\Temp\\c235750f\\4455.tmp"}
{"path": "files/5de71716d2385087_6bliz3yz9v.bacc", "pids": [3732], "filepath": "c:\\users\\karina\\documents\\6bliz3yz9v.bacc"}
{"path": "files/da615133ae1d07b9_nrwsqs9pge.bacc", "pids": [3732], "filepath": "c:\\users\\karina\\documents\\nrwsqs9pge.bacc"}
{"path": "files/1cb49625e32a2e14_l-gegckese.bacc", "pids": [3732], "filepath": "c:\\tmpwcgdlz\\lib\\common\\l-gegckese.bacc"}
{"path": "files/c4a93d07c173eee2_ynrxixy1rr.bacc", "pids": [3732], "filepath": "c:\\tmpwcgdlz\\lib\\core\\ynrxixy1rr.bacc"}
{"path": "files/bb1e10a95b3199d1_ujr4qxlmcz.bacc", "pids": [3732], "filepath": "c:\\users\\karina\\documents\\ujr4qxlmcz.bacc"}
{"path": "files/f01d86fdc778929b_dvugwhgdfi.bacc", "pids": [3732], "filepath": "c:\\tmpofrbzs\\lib\\common\\dvugwhgdfi.bacc"}
{"path": "files/23dc1b5aa90329af_c-cnwyrsrn.bacc", "pids": [3732], "filepath": "c:\\tmpti0sqo\\lib\\common\\c-cnwyrsrn.bacc"}
{"path": "files/638af03a7c916046_bmfoh0g4k9.bacc", "pids": [3732], "filepath": "c:\\tmpti0sqo\\modules\\auxiliary\\bmfoh0g4k9.bacc"}
{"path": "files/b23c349021871b18_ke5oi3xk8t.bacc", "pids": [3732], "filepath": "c:\\tmpwcgdlz\\lib\\common\\ke5oi3xk8t.bacc"}
{"path": "files/46b0c8133ced6bf2_gsswlr7de0.bacc", "pids": [3732], "filepath": "c:\\users\\karina\\documents\\gsswlr7de0.bacc"}
{"path": "files/6972497cdcc4fba2_3q-drw8rew.bacc", "pids": [3732], "filepath": "c:\\tmpjofgjs\\lib\\api\\3q-drw8rew.bacc"}
{"path": "files/6bc1fb1c499ac371_ojf9fvubmc.bacc", "pids": [3732], "filepath": "c:\\tmpjzctjr\\ojf9fvubmc.bacc"}
{"path": "files/2aec1d11b9314e27_q1y72vfaxu.bacc", "pids": [3732], "filepath": "c:\\tmpofrbzs\\lib\\common\\q1y72vfaxu.bacc"}
{"path": "files/056d2ccefa1d364b_bkapkwfkqj.bacc", "pids": [3732], "filepath": "c:\\users\\karina\\documents\\bkapkwfkqj.bacc"}
{"path": "files/da6b7811f89ff98c_pibwi0drqf.bacc", "pids": [3732], "filepath": "c:\\users\\karina\\documents\\pibwi0drqf.bacc"}
{"path": "files/c26dfa033c290f6d_xs75vloy1l.bacc", "pids": [3732], "filepath": "c:\\tmpofrbzs\\modules\\auxiliary\\xs75vloy1l.bacc"}
{"path": "files/7c332b6aa2ab08dd_nzhypbszuw.bacc", "pids": [3732], "filepath": "c:\\tmpjofgjs\\modules\\auxiliary\\nzhypbszuw.bacc"}
{"path": "files/6851ca3e47430816_8hwx6smrkv.bacc", "pids": [3732], "filepath": "c:\\tmpti0sqo\\modules\\packages\\8hwx6smrkv.bacc"}
{"path": "files/21a9bd68f79db99d_kg7nhjy2my.bacc", "pids": [3732], "filepath": "c:\\tmpwcgdlz\\modules\\packages\\kg7nhjy2my.bacc"}
{"path": "files/f28219b072114c33_lbdrbwt2am.bacc", "pids": [3732], "filepath": "c:\\users\\karina\\documents\\lbdrbwt2am.bacc"}
{"path": "files/71029d0085deca21_imgr9za378.bacc", "pids": [3732], "filepath": "c:\\tmpofrbzs\\modules\\auxiliary\\imgr9za378.bacc"}
{"path": "files/56623cb9e754445f_xkkwm9zpaz.bacc", "pids": [3732], "filepath": "c:\\users\\karina\\documents\\xkkwm9zpaz.bacc"}
{"path": "files/618a7291d7bfea1b_mhtnwncphe.bacc", "pids": [3732], "filepath": "c:\\tmpti0sqo\\modules\\packages\\mhtnwncphe.bacc"}
{"path": "files/c211d76c4810500c_ctw4uhxknc.bacc", "pids": [3732], "filepath": "c:\\tmpjzctjr\\modules\\packages\\ctw4uhxknc.bacc"}
{"path": "files/60e6f79e967dd95f_oyzdtafghe.bacc", "pids": [3732], "filepath": "c:\\users\\karina\\documents\\oyzdtafghe.bacc"}
{"path": "files/85f2943c9691f0fe_2pgqfqnjow.bacc", "pids": [3732], "filepath": "c:\\users\\karina\\documents\\2pgqfqnjow.bacc"}
{"path": "files/22591535559881fd_yv3vjnx0cv.bacc", "pids": [3732], "filepath": "c:\\users\\karina\\documents\\yv3vjnx0cv.bacc"}
{"path": "files/45d43b84eddaf34c_ku-uayeozh.bacc", "pids": [3732], "filepath": "c:\\tmpjofgjs\\lib\\common\\ku-uayeozh.bacc"}
{"path": "files/e885245e22e46442_eotwq5eqvl.bacc", "pids": [3732], "filepath": "c:\\users\\karina\\documents\\eotwq5eqvl.bacc"}
{"path": "files/2ca74fc4d2d4f8b1_ilobwxifny.bacc", "pids": [3732], "filepath": "c:\\tmpjofgjs\\lib\\core\\ilobwxifny.bacc"}
{"path": "files/338a82244ee3ca52_a7f3gycsz7.bacc", "pids": [3732], "filepath": "c:\\tmpjofgjs\\modules\\auxiliary\\a7f3gycsz7.bacc"}
{"path": "files/38122f20b39d0034_rp-vos-kgp.bacc", "pids": [3732], "filepath": "c:\\tmpjofgjs\\lib\\core\\rp-vos-kgp.bacc"}
{"path": "files/8e7c4add51e1f761_228x2as7ss.bacc", "pids": [3732], "filepath": "c:\\tmpjofgjs\\lib\\common\\228x2as7ss.bacc"}
{"path": "files/9dbbd6618b1aaac1_taw6rcdy48.bacc", "pids": [3732], "filepath": "c:\\users\\karina\\documents\\taw6rcdy48.bacc"}
{"path": "files/8fb5a18304335881_nsxdfxpl7r.bacc", "pids": [3732], "filepath": "c:\\tmpti0sqo\\modules\\auxiliary\\nsxdfxpl7r.bacc"}
{"path": "files/5c9bf050b56d2cce_tg1xo-sqb5.bacc", "pids": [3732], "filepath": "c:\\tmpjzctjr\\modules\\packages\\tg1xo-sqb5.bacc"}
{"path": "files/c42d41fac774c368_bjylpmeab2.bacc", "pids": [3732], "filepath": "c:\\tmpjofgjs\\lib\\common\\bjylpmeab2.bacc"}
{"path": "files/b33c891a7ea79e06_3zsv-1zjzo.bacc", "pids": [3732], "filepath": "c:\\tmpjofgjs\\lib\\core\\3zsv-1zjzo.bacc"}
{"path": "files/3daf2b855a71666a_9qu7cniouj.bacc", "pids": [3732], "filepath": "c:\\tmpjzctjr\\lib\\common\\9qu7cniouj.bacc"}
{"path": "files/a525599bd916162e_jz9djax9rb.bacc", "pids": [3732], "filepath": "c:\\tmpjofgjs\\modules\\auxiliary\\jz9djax9rb.bacc"}
{"path": "files/af4f0707f40e37a3_d4vfi5hhjj.bacc", "pids": [3732], "filepath": "c:\\tmpjofgjs\\modules\\packages\\d4vfi5hhjj.bacc"}
{"path": "files/643b1a9943785f48_9ingfxwjqy.bacc", "pids": [3732], "filepath": "c:\\users\\karina\\documents\\9ingfxwjqy.bacc"}
{"path": "files/15677d1be76dd15d_uwqorqktcx.bacc", "pids": [3732], "filepath": "c:\\tmpwcgdlz\\modules\\auxiliary\\uwqorqktcx.bacc"}
{"path": "files/b5a92e5151da1af9_yuaetffdnj.bacc", "pids": [3732], "filepath": "c:\\tmpti0sqo\\modules\\packages\\yuaetffdnj.bacc"}
{"path": "files/c51f73f385ea0c55_fgtb5kaujv.bacc", "pids": [3732], "filepath": "c:\\tmpjzctjr\\lib\\common\\fgtb5kaujv.bacc"}
{"path": "files/7762d1224d3db21b_avgnudl7ce.bacc", "pids": [3732], "filepath": "c:\\tmpjofgjs\\modules\\packages\\avgnudl7ce.bacc"}
{"path": "files/b51d78571eef4906_-2uggfaffd.bacc", "pids": [3732], "filepath": "c:\\users\\karina\\documents\\-2uggfaffd.bacc"}
{"path": "files/92574165d5abc5a5_tmp4bf0.bmp", "pids": [3732], "filepath": "C:\\Users\\karina\\AppData\\Local\\Temp\\tmp4BF0.bmp"}
{"path": "files/005596c4bff0f329_ws54euvod2.bacc", "pids": [3732], "filepath": "c:\\tmpti0sqo\\modules\\auxiliary\\ws54euvod2.bacc"}
{"path": "files/37942b28003f894d_lbmhg3stfd.bacc", "pids": [3732], "filepath": "c:\\tmpjofgjs\\modules\\packages\\lbmhg3stfd.bacc"}
{"path": "files/7de029a878a3c463_c8s343txkk.bacc", "pids": [3732], "filepath": "c:\\tmpti0sqo\\modules\\auxiliary\\c8s343txkk.bacc"}
{"path": "files/fda4f4a415d56d93_v4sjkmxnqp.bacc", "pids": [3732], "filepath": "c:\\users\\karina\\documents\\v4sjkmxnqp.bacc"}
{"path": "files/2337a93195bfdcc9_lqzayuugcu.bacc", "pids": [3732], "filepath": "c:\\tmpti0sqo\\lib\\api\\lqzayuugcu.bacc"}
{"path": "files/8892508fe1fb387e_ztm2n3ssoy.bacc", "pids": [3732], "filepath": "c:\\tmpofrbzs\\lib\\api\\ztm2n3ssoy.bacc"}
{"path": "files/98da76714d246703_uk4qzsbwmq.bacc", "pids": [3732], "filepath": "c:\\tmpjofgjs\\lib\\api\\uk4qzsbwmq.bacc"}
{"path": "files/4a747db58cd197d1_hi0xso55ik.bacc", "pids": [3732], "filepath": "c:\\tmpofrbzs\\lib\\core\\hi0xso55ik.bacc"}
{"path": "files/c66fd9834f8d865c_ngdttotbjf.bacc", "pids": [3732], "filepath": "c:\\users\\karina\\documents\\ngdttotbjf.bacc"}
{"path": "files/327d7a9556895ad9_msceayppkx.bacc", "pids": [3732], "filepath": "c:\\users\\karina\\documents\\msceayppkx.bacc"}
{"path": "files/61e6ea307bc1cbb8_c6phwielob.bacc", "pids": [3732], "filepath": "c:\\users\\karina\\documents\\c6phwielob.bacc"}
{"path": "files/d836e70ff851616f_sehcqvuggz.bacc", "pids": [3732], "filepath": "c:\\tmpwcgdlz\\lib\\core\\sehcqvuggz.bacc"}
{"path": "files/a8c1f85f1bea4350_hogpa-oope.bacc", "pids": [3732], "filepath": "c:\\users\\karina\\documents\\hogpa-oope.bacc"}
{"path": "files/badf980217274808_ruj1no9xeb.bacc", "pids": [3732], "filepath": "c:\\tmpofrbzs\\modules\\packages\\ruj1no9xeb.bacc"}
{"path": "files/636d303797046fc2_qeviej3dgx.bacc", "pids": [3732], "filepath": "c:\\tmpjofgjs\\modules\\packages\\qeviej3dgx.bacc"}
{"path": "files/3d4f9a3c5d7c2630_ygmnrisncq.bacc", "pids": [3732], "filepath": "c:\\tmpjzctjr\\lib\\core\\ygmnrisncq.bacc"}
{"path": "files/1061be938d0bda2a_hxcltdided.bacc", "pids": [3732], "filepath": "c:\\users\\karina\\documents\\hxcltdided.bacc"}
{"path": "files/d06d2ff5201c30f3_st1xvrn7yl.bacc", "pids": [3732], "filepath": "c:\\tmpwcgdlz\\lib\\core\\st1xvrn7yl.bacc"}
{"path": "files/56b5795a9ca1877e_lspovspifl.bacc", "pids": [3732], "filepath": "c:\\tmpwcgdlz\\modules\\packages\\lspovspifl.bacc"}
{"path": "files/691de9bb227e7e32_xb3qur-s21.bacc", "pids": [3732], "filepath": "c:\\tmpofrbzs\\modules\\packages\\xb3qur-s21.bacc"}
{"path": "files/73e94924d36cd08e_j8lc6gskbr.bacc", "pids": [3732], "filepath": "c:\\tmpofrbzs\\modules\\packages\\j8lc6gskbr.bacc"}
{"path": "files/4315ea79ab513f6e_3207.tmp", "pids": [3732], "filepath": "C:\\Users\\karina\\AppData\\Local\\Temp\\c235750f\\3207.tmp"}
{"path": "files/4a421ebca5a1aa53_5t-fmsljyi.bacc", "pids": [3732], "filepath": "c:\\tmpti0sqo\\lib\\core\\5t-fmsljyi.bacc"}
{"path": "files/ce763ad633f89b34_dc8cifgbgv.bacc", "pids": [3732], "filepath": "c:\\users\\karina\\documents\\dc8cifgbgv.bacc"}
{"path": "files/ea01e5e86456ac2c_fminzg6h-2.bacc", "pids": [3732], "filepath": "c:\\tmpti0sqo\\lib\\core\\fminzg6h-2.bacc"}
{"path": "files/5d429c991f2ff07f_lbammtxk7k.bacc", "pids": [3732], "filepath": "c:\\tmpjofgjs\\modules\\auxiliary\\lbammtxk7k.bacc"}
{"path": "files/6ade93f968ae1a50_3tngldb8w0.bacc", "pids": [3732], "filepath": "c:\\tmpofrbzs\\modules\\packages\\3tngldb8w0.bacc"}
{"path": "files/ef55ac4688a5c4a9_sx4yxcnafg.bacc", "pids": [3732], "filepath": "c:\\tmpjzctjr\\modules\\auxiliary\\sx4yxcnafg.bacc"}
{"path": "files/d28857e71ea79cb1_frsqm-c4dz.bacc", "pids": [3732], "filepath": "c:\\tmpwcgdlz\\modules\\packages\\frsqm-c4dz.bacc"}
{"path": "files/ed5a50024d054739_ehcdluld5j.bacc", "pids": [3732], "filepath": "c:\\users\\karina\\documents\\ehcdluld5j.bacc"}
{"path": "files/d09c9f9eb321e818_t63e1dm8bv.bacc", "pids": [3732], "filepath": "c:\\tmpwcgdlz\\modules\\auxiliary\\t63e1dm8bv.bacc"}
{"path": "files/130a5ba2e6d08e6a_ybgjzdmx-9.bacc", "pids": [3732], "filepath": "c:\\tmpofrbzs\\lib\\core\\ybgjzdmx-9.bacc"}
{"path": "files/e62b74ba8186c1ec_xtj8szm2bb.bacc", "pids": [3732], "filepath": "c:\\tmpjzctjr\\modules\\auxiliary\\xtj8szm2bb.bacc"}
{"path": "files/c2758bb8edf9c347_u7a3aszk-x.bacc", "pids": [3732], "filepath": "c:\\tmpwcgdlz\\lib\\api\\u7a3aszk-x.bacc"}
{"path": "files/57763d7fa6d3bb03_yoerzirnaa.bacc", "pids": [3732], "filepath": "c:\\tmpwcgdlz\\lib\\core\\yoerzirnaa.bacc"}
{"path": "files/8d16f944e2b32e20_zfz6h55ec0.bacc", "pids": [3732], "filepath": "c:\\tmpofrbzs\\lib\\core\\zfz6h55ec0.bacc"}
{"path": "files/9d9b7db443b7699c_578dcdohgs.bacc", "pids": [3732], "filepath": "c:\\tmpjzctjr\\modules\\packages\\578dcdohgs.bacc"}
{"path": "files/aa3fac9c95c785c7_n2-ty96-ea.bacc", "pids": [3732], "filepath": "c:\\users\\karina\\documents\\n2-ty96-ea.bacc"}
{"path": "files/7a53097b70033f83_kjmfxhczl5.bacc", "pids": [3732], "filepath": "c:\\tmpti0sqo\\lib\\api\\kjmfxhczl5.bacc"}
{"path": "files/f1f0951e39276415_8gytj52iog.bacc", "pids": [3732], "filepath": "c:\\tmpjzctjr\\modules\\packages\\8gytj52iog.bacc"}
{"path": "files/7a940406210887e7_vcgyl2tv-h.bacc", "pids": [3732], "filepath": "c:\\tmpwcgdlz\\lib\\common\\vcgyl2tv-h.bacc"}
{"path": "files/cbb47020b15e2798_zzujhvmpm2.bacc", "pids": [3732], "filepath": "c:\\tmpofrbzs\\lib\\core\\zzujhvmpm2.bacc"}
{"path": "files/df77f98d884b3c8e_fdpqvkv8ev.bacc", "pids": [3732], "filepath": "c:\\users\\karina\\documents\\fdpqvkv8ev.bacc"}
{"path": "files/33fd95b44b087411_ucafru2hpo.bacc", "pids": [3732], "filepath": "c:\\tmpwcgdlz\\modules\\packages\\ucafru2hpo.bacc"}
{"path": "files/f1ca4269ced59097_uxdeguzh9o.bacc", "pids": [3732], "filepath": "c:\\tmpjzctjr\\modules\\auxiliary\\uxdeguzh9o.bacc"}
{"path": "files/8c36053f246f3d07_ktut-r2tuv.bacc", "pids": [3732], "filepath": "c:\\users\\karina\\documents\\ktut-r2tuv.bacc"}
{"path": "files/ae79f9195efc5f39_jtdlqkwc-1.bacc", "pids": [3732], "filepath": "c:\\tmpjzctjr\\modules\\packages\\jtdlqkwc-1.bacc"}
{"path": "files/ac041eb68b3f6b06_6wng5yb2js.bacc", "pids": [3732], "filepath": "c:\\tmpti0sqo\\modules\\auxiliary\\6wng5yb2js.bacc"}
{"path": "files/44ac20134198ce0d_jenv4bxkgc.bacc", "pids": [3732], "filepath": "c:\\tmpjzctjr\\modules\\packages\\jenv4bxkgc.bacc"}
{"path": "files/c9932e8f760e2aeb_vq72nhygkp.bacc", "pids": [3732], "filepath": "c:\\users\\karina\\documents\\vq72nhygkp.bacc"}
{"path": "files/1a88d9f550546dc0_wj7pomkouy.bacc", "pids": [3732], "filepath": "c:\\tmpwcgdlz\\modules\\packages\\wj7pomkouy.bacc"}
{"path": "files/a3281d2dc3d14118_cdmyfy94ja.bacc", "pids": [3732], "filepath": "c:\\tmpofrbzs\\cdmyfy94ja.bacc"}
{"path": "files/a30e7a8e55eeeb64_sz69ionjyy.bacc", "pids": [3732], "filepath": "c:\\tmpwcgdlz\\modules\\auxiliary\\sz69ionjyy.bacc"}
{"path": "files/9642d9b600751a55_3z5poiuuco.bacc", "pids": [3732], "filepath": "c:\\tmpofrbzs\\lib\\common\\3z5poiuuco.bacc"}
{"path": "files/c19dd4e680ee324a_a-m7vzgvhr.bacc", "pids": [3732], "filepath": "c:\\users\\karina\\documents\\a-m7vzgvhr.bacc"}
{"path": "files/9163490bf3bb4e1e_3l9tfemfgl.bacc", "pids": [3732], "filepath": "c:\\tmpti0sqo\\lib\\common\\3l9tfemfgl.bacc"}
{"path": "files/9d7f71753b5a16bf_f8lpdqqsq-.bacc", "pids": [3732], "filepath": "c:\\tmpjzctjr\\lib\\core\\f8lpdqqsq-.bacc"}
{"path": "files/0f7af8312bdfe06a_wqha37gkeg.bacc", "pids": [3732], "filepath": "c:\\users\\karina\\documents\\wqha37gkeg.bacc"}
{"path": "files/cc05a1c6c6e88dc9_lc0w4jy754.bacc", "pids": [3732], "filepath": "c:\\tmpjzctjr\\lib\\api\\lc0w4jy754.bacc"}
{"path": "files/da4678634547c7b5_i4bmzod6wd.bacc", "pids": [3732], "filepath": "c:\\users\\karina\\documents\\i4bmzod6wd.bacc"}
{"path": "files/0533a84d2f5d8385_jnyimazhih.bacc", "pids": [3732], "filepath": "c:\\tmpti0sqo\\lib\\core\\jnyimazhih.bacc"}
{"path": "files/af3c79d50a8f366d_6je0erpz5y.bacc", "pids": [3732], "filepath": "c:\\tmpjofgjs\\modules\\packages\\6je0erpz5y.bacc"}
{"path": "files/08af9e9cb03f5ded_sjwon6eqxl.bacc", "pids": [3732], "filepath": "c:\\tmpjofgjs\\lib\\common\\sjwon6eqxl.bacc"}
{"path": "files/36113656ebaf355c_s5gzcjjjmi.bacc", "pids": [3732], "filepath": "c:\\tmpwcgdlz\\lib\\api\\s5gzcjjjmi.bacc"}
{"path": "files/e02d36288072ee9d_umfymlarpe.bacc", "pids": [3732], "filepath": "c:\\users\\karina\\documents\\umfymlarpe.bacc"}
{"path": "files/2b40f7dfcebee0f3_allftzhe9a.bacc", "pids": [3732], "filepath": "c:\\tmpwcgdlz\\lib\\common\\allftzhe9a.bacc"}
{"path": "files/7159bf75d8ee14c5_rhur1ta4or.bacc", "pids": [3732], "filepath": "c:\\tmpjzctjr\\lib\\core\\rhur1ta4or.bacc"}
{"path": "files/a6da8e6e8782061e_lhmpcawglq.bacc", "pids": [3732], "filepath": "c:\\tmpjofgjs\\modules\\packages\\lhmpcawglq.bacc"}
{"path": "files/5383ebfe3c8d6fa9_js1jzkw8rq.bacc", "pids": [3732], "filepath": "c:\\users\\karina\\documents\\js1jzkw8rq.bacc"}
{"path": "files/2006229336ec52dd_8gyyzatlg3.bacc", "pids": [3732], "filepath": "c:\\tmpti0sqo\\modules\\packages\\8gyyzatlg3.bacc"}
{"path": "files/734f4bee9ea43d09_5od660m7-o.bacc", "pids": [3732], "filepath": "c:\\tmpjzctjr\\modules\\auxiliary\\5od660m7-o.bacc"}
{"path": "files/fa0b53ec6604ab31_vjrt4xsfe2.bacc", "pids": [3732], "filepath": "c:\\tmpwcgdlz\\modules\\auxiliary\\vjrt4xsfe2.bacc"}
{"path": "files/7cb464f7bd7d02aa_ufvw4if8dc.bacc", "pids": [3732], "filepath": "c:\\tmpofrbzs\\modules\\packages\\ufvw4if8dc.bacc"}
{"path": "files/38dc56cdf7aa2cad_nq59kyoepa.bacc", "pids": [3732], "filepath": "c:\\tmpti0sqo\\modules\\packages\\nq59kyoepa.bacc"}
{"path": "files/ed460b405489cec6_f6ajlayrka.bacc", "pids": [3732], "filepath": "c:\\tmpwcgdlz\\lib\\core\\f6ajlayrka.bacc"}
{"path": "files/6755f3af8af46230_ajrgi60af3.bacc", "pids": [3732], "filepath": "c:\\tmpti0sqo\\lib\\common\\ajrgi60af3.bacc"}
{"path": "files/b7fbb92edc9f34a4_q4pakx1yav.bacc", "pids": [3732], "filepath": "c:\\users\\karina\\documents\\q4pakx1yav.bacc"}
{"path": "files/35b1ff9c25a681ec_u4s0vljz5r.bacc", "pids": [3732], "filepath": "c:\\tmpti0sqo\\modules\\packages\\u4s0vljz5r.bacc"}
{"path": "files/ecae954238d587c4_badt6vu9zt.bacc", "pids": [3732], "filepath": "c:\\users\\karina\\documents\\badt6vu9zt.bacc"}
{"path": "files/8e9e7dca730a7616_hwujjevct8.bacc", "pids": [3732], "filepath": "c:\\users\\karina\\documents\\hwujjevct8.bacc"}
{"path": "files/79000f27517dafd8_dzjaqrpjn7.bacc", "pids": [3732], "filepath": "c:\\tmpti0sqo\\lib\\common\\dzjaqrpjn7.bacc"}
{"path": "files/c020ac82ca9954bf_pxr9wmi35b.bacc", "pids": [3732], "filepath": "c:\\tmpofrbzs\\modules\\auxiliary\\pxr9wmi35b.bacc"}
{"path": "files/db12b274d1760f4e_cahrrhs80h.bacc", "pids": [3732], "filepath": "c:\\tmpofrbzs\\modules\\auxiliary\\cahrrhs80h.bacc"}
{"path": "files/4b157fd60935e901_4xa70-gxre.bacc", "pids": [3732], "filepath": "c:\\tmpjofgjs\\modules\\auxiliary\\4xa70-gxre.bacc"}
{"path": "files/355bf2b8eeca0a9f_f35gbvtj-p.bacc", "pids": [3732], "filepath": "c:\\tmpjzctjr\\lib\\common\\f35gbvtj-p.bacc"}
{"path": "files/bc27e33099cead43_5z5pmdti3x.bacc", "pids": [3732], "filepath": "c:\\tmpjzctjr\\lib\\api\\5z5pmdti3x.bacc"}
{"path": "files/8124f96cbb601fbb_9pagy4ncus.bacc", "pids": [3732], "filepath": "c:\\tmpofrbzs\\modules\\packages\\9pagy4ncus.bacc"}
{"path": "files/270c494adb586b29_cfi6ingwzx.bacc", "pids": [3732], "filepath": "c:\\tmpjzctjr\\modules\\packages\\cfi6ingwzx.bacc"}
{"path": "files/cf02477805e5ca29_9pdmpu2duf.bacc", "pids": [3732], "filepath": "c:\\tmpjofgjs\\lib\\core\\9pdmpu2duf.bacc"}
{"path": "files/b1094a0f5b2abb48_s7ow2e9uvm.bacc", "pids": [3732], "filepath": "c:\\tmpti0sqo\\lib\\core\\s7ow2e9uvm.bacc"}
{"path": "files/948e491dcf75aa79_yc-prneyna.bacc", "pids": [3732], "filepath": "c:\\tmpwcgdlz\\modules\\auxiliary\\yc-prneyna.bacc"}
{"path": "files/e7730ff538ad4f17_boyox88rxe.bacc", "pids": [3732], "filepath": "c:\\tmpofrbzs\\lib\\common\\boyox88rxe.bacc"}
{"path": "files/b88610ddea9ea280_6x5-zqce2a.bacc", "pids": [3732], "filepath": "c:\\tmpofrbzs\\lib\\core\\6x5-zqce2a.bacc"}
{"path": "files/b33f6a95ad191c35_gmok2g4fxs.bacc", "pids": [3732], "filepath": "c:\\setup\\gmok2g4fxs.bacc"}
{"path": "files/cc8cd48b0e675404_i4-exyps4r.bacc", "pids": [3732], "filepath": "c:\\users\\karina\\documents\\i4-exyps4r.bacc"}
{"path": "files/ccea7270f9c541ab_nom01rbood.bacc", "pids": [3732], "filepath": "c:\\tmpofrbzs\\lib\\api\\nom01rbood.bacc"}
