{"category": "regkey_written", "args": ["HKEY_CURRENT_USER\\Local Settings\\MuiCache\\5E\\52C64B7E\\@%SystemRoot%\\System32\\fveui.dll,-843", "REG_SZ", "BitLocker Drive Encryption"], "type": "reboot", "time": 29}
{"category": "regkey_written", "args": ["HKEY_CURRENT_USER\\Local Settings\\MuiCache\\5E\\52C64B7E\\@%SystemRoot%\\System32\\fveui.dll,-844", "REG_SZ", "BitLocker Data Recovery Agent"], "type": "reboot", "time": 29}
{"category": "regkey_written", "args": ["HKEY_CURRENT_USER\\Local Settings\\MuiCache\\5E\\52C64B7E\\@%SystemRoot%\\system32\\dhcpqec.dll,-100", "REG_SZ", "DHCP Quarantine Enforcement Client"], "type": "reboot", "time": 29}
{"category": "regkey_written", "args": ["HKEY_CURRENT_USER\\Local Settings\\MuiCache\\5E\\52C64B7E\\@%SystemRoot%\\system32\\dhcpqec.dll,-101", "REG_SZ", "Provides DHCP based enforcement for NAP"], "type": "reboot", "time": 29}
{"category": "regkey_written", "args": ["HKEY_CURRENT_USER\\Local Settings\\MuiCache\\5E\\52C64B7E\\@%SystemRoot%\\system32\\dhcpqec.dll,-102", "REG_SZ", "Microsoft Corporation"], "type": "reboot", "time": 29}
{"category": "regkey_written", "args": ["HKEY_CURRENT_USER\\Local Settings\\MuiCache\\5E\\52C64B7E\\@%SystemRoot%\\system32\\dhcpqec.dll,-103", "REG_SZ", "1.0"], "type": "reboot", "time": 29}
{"category": "regkey_written", "args": ["HKEY_CURRENT_USER\\Local Settings\\MuiCache\\5E\\52C64B7E\\@%SystemRoot%\\system32\\dnsapi.dll,-103", "REG_SZ", "Domain Name System (DNS) Server Trust"], "type": "reboot", "time": 29}
{"category": "regkey_written", "args": ["HKEY_CURRENT_USER\\Local Settings\\MuiCache\\5E\\52C64B7E\\@%SystemRoot%\\system32\\eapqec.dll,-100", "REG_SZ", "EAP Quarantine Enforcement Client"], "type": "reboot", "time": 29}
{"category": "regkey_written", "args": ["HKEY_CURRENT_USER\\Local Settings\\MuiCache\\5E\\52C64B7E\\@%SystemRoot%\\system32\\eapqec.dll,-101", "REG_SZ", "Provides Network Access Protection enforcement for EAP authenticated network connections, such as those used with 802.1X and VPN technologies."], "type": "reboot", "time": 29}
{"category": "regkey_written", "args": ["HKEY_CURRENT_USER\\Local Settings\\MuiCache\\5E\\52C64B7E\\@%SystemRoot%\\system32\\eapqec.dll,-102", "REG_SZ", "1.0"], "type": "reboot", "time": 29}
{"category": "regkey_written", "args": ["HKEY_CURRENT_USER\\Local Settings\\MuiCache\\5E\\52C64B7E\\@%SystemRoot%\\system32\\eapqec.dll,-103", "REG_SZ", "Microsoft Corporation"], "type": "reboot", "time": 29}
{"category": "regkey_written", "args": ["HKEY_CURRENT_USER\\Local Settings\\MuiCache\\5E\\52C64B7E\\@%SystemRoot%\\system32\\napipsec.dll,-1", "REG_SZ", "IPsec Relying Party"], "type": "reboot", "time": 29}
{"category": "regkey_written", "args": ["HKEY_CURRENT_USER\\Local Settings\\MuiCache\\5E\\52C64B7E\\@%SystemRoot%\\system32\\napipsec.dll,-2", "REG_SZ", "Provides IPsec based enforcement for Network Access Protection"], "type": "reboot", "time": 29}
{"category": "regkey_written", "args": ["HKEY_CURRENT_USER\\Local Settings\\MuiCache\\5E\\52C64B7E\\@%SystemRoot%\\system32\\napipsec.dll,-3", "REG_SZ", "Microsoft Corporation"], "type": "reboot", "time": 29}
{"category": "regkey_written", "args": ["HKEY_CURRENT_USER\\Local Settings\\MuiCache\\5E\\52C64B7E\\@%SystemRoot%\\system32\\napipsec.dll,-4", "REG_SZ", "1.0"], "type": "reboot", "time": 29}
{"category": "regkey_written", "args": ["HKEY_CURRENT_USER\\Local Settings\\MuiCache\\5E\\52C64B7E\\@%SystemRoot%\\system32\\p2pcollab.dll,-8042", "REG_SZ", "Peer to Peer Trust"], "type": "reboot", "time": 29}
{"category": "regkey_written", "args": ["HKEY_CURRENT_USER\\Local Settings\\MuiCache\\5E\\52C64B7E\\@%SystemRoot%\\system32\\qagentrt.dll,-10", "REG_SZ", "System Health Authentication"], "type": "reboot", "time": 29}
{"category": "regkey_written", "args": ["HKEY_CURRENT_USER\\Local Settings\\MuiCache\\5E\\52C64B7E\\@%SystemRoot%\\system32\\tsgqec.dll,-100", "REG_SZ", "RD Gateway Quarantine Enforcement Client"], "type": "reboot", "time": 29}
{"category": "regkey_written", "args": ["HKEY_CURRENT_USER\\Local Settings\\MuiCache\\5E\\52C64B7E\\@%SystemRoot%\\system32\\tsgqec.dll,-101", "REG_SZ", "Provides RD Gateway enforcement for NAP"], "type": "reboot", "time": 29}
{"category": "regkey_written", "args": ["HKEY_CURRENT_USER\\Local Settings\\MuiCache\\5E\\52C64B7E\\@%SystemRoot%\\system32\\tsgqec.dll,-102", "REG_SZ", "1.0"], "type": "reboot", "time": 29}
{"category": "regkey_written", "args": ["HKEY_CURRENT_USER\\Local Settings\\MuiCache\\5E\\52C64B7E\\@%SystemRoot%\\system32\\tsgqec.dll,-103", "REG_SZ", "Microsoft Corporation"], "type": "reboot", "time": 29}
{"category": "regkey_written", "args": ["HKEY_CURRENT_USER\\Local Settings\\MuiCache\\5E\\52C64B7E\\LanguageList", "REG_MULTI_SZ", "en-US\u0000en\u0000\u0000"], "type": "reboot", "time": 29}
{"category": "regkey_written", "args": ["HKEY_CURRENT_USER\\Local Settings\\MuiCache\\5E\\52C64B7E\\LanguageList", "REG_MULTI_SZ", "en-US\u0000en\u0000\u0000"], "type": "reboot", "time": 29}
{"category": "regkey_written", "args": ["HKEY_CURRENT_USER\\Local Settings\\MuiCache\\5E\\52C64B7E\\LanguageList", "REG_MULTI_SZ", "en-US\u0000en\u0000\u0000"], "type": "reboot", "time": 29}
{"category": "regkey_written", "args": ["HKEY_CURRENT_USER\\Local Settings\\MuiCache\\5E\\52C64B7E\\LanguageList", "REG_MULTI_SZ", "en-US\u0000en\u0000\u0000"], "type": "reboot", "time": 29}
{"category": "regkey_written", "args": ["HKEY_CURRENT_USER\\Local Settings\\MuiCache\\5E\\52C64B7E\\LanguageList", "REG_MULTI_SZ", "en-US\u0000en\u0000\u0000"], "type": "reboot", "time": 29}
{"category": "regkey_written", "args": ["HKEY_CURRENT_USER\\Local Settings\\MuiCache\\5E\\52C64B7E\\LanguageList", "REG_MULTI_SZ", "en-US\u0000en\u0000\u0000"], "type": "reboot", "time": 29}
{"category": "regkey_written", "args": ["HKEY_CURRENT_USER\\Local Settings\\MuiCache\\5E\\52C64B7E\\LanguageList", "REG_MULTI_SZ", "en-US\u0000en\u0000\u0000"], "type": "reboot", "time": 29}
{"category": "regkey_written", "args": ["HKEY_CURRENT_USER\\Local Settings\\MuiCache\\5E\\52C64B7E\\LanguageList", "REG_MULTI_SZ", "en-US\u0000en\u0000\u0000"], "type": "reboot", "time": 29}
{"category": "regkey_written", "args": ["HKEY_CURRENT_USER\\Local Settings\\MuiCache\\5E\\52C64B7E\\LanguageList", "REG_MULTI_SZ", "en-US\u0000en\u0000\u0000"], "type": "reboot", "time": 29}
{"category": "regkey_written", "args": ["HKEY_CURRENT_USER\\Local Settings\\MuiCache\\5E\\52C64B7E\\LanguageList", "REG_MULTI_SZ", "en-US\u0000en\u0000\u0000"], "type": "reboot", "time": 29}
{"category": "regkey_written", "args": ["HKEY_CURRENT_USER\\Local Settings\\MuiCache\\5E\\52C64B7E\\LanguageList", "REG_MULTI_SZ", "en-US\u0000en\u0000\u0000"], "type": "reboot", "time": 29}
{"category": "regkey_written", "args": ["HKEY_CURRENT_USER\\Local Settings\\MuiCache\\5E\\52C64B7E\\LanguageList", "REG_MULTI_SZ", "en-US\u0000en\u0000\u0000"], "type": "reboot", "time": 29}
{"category": "regkey_written", "args": ["HKEY_CURRENT_USER\\Local Settings\\MuiCache\\5E\\52C64B7E\\LanguageList", "REG_MULTI_SZ", "en-US\u0000en\u0000\u0000"], "type": "reboot", "time": 29}
{"category": "regkey_written", "args": ["HKEY_CURRENT_USER\\Local Settings\\MuiCache\\5E\\52C64B7E\\LanguageList", "REG_MULTI_SZ", "en-US\u0000en\u0000\u0000"], "type": "reboot", "time": 29}
{"category": "regkey_written", "args": ["HKEY_CURRENT_USER\\Local Settings\\MuiCache\\5E\\52C64B7E\\LanguageList", "REG_MULTI_SZ", "en-US\u0000en\u0000\u0000"], "type": "reboot", "time": 29}
{"category": "regkey_written", "args": ["HKEY_CURRENT_USER\\Local Settings\\MuiCache\\5E\\52C64B7E\\LanguageList", "REG_MULTI_SZ", "en-US\u0000en\u0000\u0000"], "type": "reboot", "time": 29}
{"category": "regkey_written", "args": ["HKEY_CURRENT_USER\\Local Settings\\MuiCache\\5E\\52C64B7E\\LanguageList", "REG_MULTI_SZ", "en-US\u0000en\u0000\u0000"], "type": "reboot", "time": 29}
{"category": "regkey_written", "args": ["HKEY_CURRENT_USER\\Local Settings\\MuiCache\\5E\\52C64B7E\\LanguageList", "REG_MULTI_SZ", "en-US\u0000en\u0000\u0000"], "type": "reboot", "time": 29}
{"category": "regkey_written", "args": ["HKEY_CURRENT_USER\\Local Settings\\MuiCache\\5E\\52C64B7E\\LanguageList", "REG_MULTI_SZ", "en-US\u0000en\u0000\u0000"], "type": "reboot", "time": 29}
{"category": "regkey_written", "args": ["HKEY_CURRENT_USER\\Local Settings\\MuiCache\\5E\\52C64B7E\\LanguageList", "REG_MULTI_SZ", "en-US\u0000en\u0000\u0000"], "type": "reboot", "time": 29}
{"category": "regkey_written", "args": ["HKEY_CURRENT_USER\\Local Settings\\MuiCache\\5E\\52C64B7E\\LanguageList", "REG_MULTI_SZ", "en-US\u0000en\u0000\u0000"], "type": "reboot", "time": 29}
{"category": "regkey_written", "args": ["HKEY_CURRENT_USER\\Local Settings\\MuiCache\\5E\\52C64B7E\\LanguageList", "REG_MULTI_SZ", "en-US\u0000en\u0000\u0000"], "type": "reboot", "time": 29}
{"category": "regkey_written", "args": ["HKEY_CURRENT_USER\\Local Settings\\MuiCache\\5E\\52C64B7E\\LanguageList", "REG_MULTI_SZ", "en-US\u0000en\u0000\u0000"], "type": "reboot", "time": 29}
{"category": "regkey_written", "args": ["HKEY_CURRENT_USER\\Local Settings\\MuiCache\\5E\\52C64B7E\\LanguageList", "REG_MULTI_SZ", "en-US\u0000en\u0000\u0000"], "type": "reboot", "time": 29}
{"category": "regkey_written", "args": ["HKEY_CURRENT_USER\\Local Settings\\MuiCache\\5E\\52C64B7E\\LanguageList", "REG_MULTI_SZ", "en-US\u0000en\u0000\u0000"], "type": "reboot", "time": 29}
{"category": "regkey_written", "args": ["HKEY_CURRENT_USER\\Local Settings\\MuiCache\\5E\\52C64B7E\\LanguageList", "REG_MULTI_SZ", "en-US\u0000en\u0000\u0000"], "type": "reboot", "time": 29}
{"category": "regkey_written", "args": ["HKEY_CURRENT_USER\\Local Settings\\MuiCache\\5E\\52C64B7E\\LanguageList", "REG_MULTI_SZ", "en-US\u0000en\u0000\u0000"], "type": "reboot", "time": 29}
{"category": "regkey_written", "args": ["HKEY_CURRENT_USER\\Local Settings\\MuiCache\\5E\\52C64B7E\\LanguageList", "REG_MULTI_SZ", "en-US\u0000en\u0000\u0000"], "type": "reboot", "time": 29}
{"category": "regkey_written", "args": ["HKEY_CURRENT_USER\\Local Settings\\MuiCache\\5E\\52C64B7E\\LanguageList", "REG_MULTI_SZ", "en-US\u0000en\u0000\u0000"], "type": "reboot", "time": 29}
{"category": "regkey_written", "args": ["HKEY_CURRENT_USER\\Local Settings\\MuiCache\\5E\\52C64B7E\\LanguageList", "REG_MULTI_SZ", "en-US\u0000en\u0000\u0000"], "type": "reboot", "time": 29}
{"category": "regkey_written", "args": ["HKEY_CURRENT_USER\\Local Settings\\MuiCache\\5E\\52C64B7E\\LanguageList", "REG_MULTI_SZ", "en-US\u0000en\u0000\u0000"], "type": "reboot", "time": 29}
{"category": "regkey_written", "args": ["HKEY_CURRENT_USER\\Local Settings\\MuiCache\\5E\\52C64B7E\\LanguageList", "REG_MULTI_SZ", "en-US\u0000en\u0000\u0000"], "type": "reboot", "time": 29}
{"category": "regkey_written", "args": ["HKEY_CURRENT_USER\\Local Settings\\MuiCache\\5E\\52C64B7E\\LanguageList", "REG_MULTI_SZ", "en-US\u0000en\u0000\u0000"], "type": "reboot", "time": 29}
{"category": "regkey_written", "args": ["HKEY_CURRENT_USER\\Local Settings\\MuiCache\\5E\\52C64B7E\\LanguageList", "REG_MULTI_SZ", "en-US\u0000en\u0000\u0000"], "type": "reboot", "time": 29}
{"category": "regkey_written", "args": ["HKEY_CURRENT_USER\\Local Settings\\MuiCache\\5E\\52C64B7E\\LanguageList", "REG_MULTI_SZ", "en-US\u0000en\u0000\u0000"], "type": "reboot", "time": 29}
{"category": "regkey_written", "args": ["HKEY_CURRENT_USER\\Local Settings\\MuiCache\\5E\\52C64B7E\\LanguageList", "REG_MULTI_SZ", "en-US\u0000en\u0000\u0000"], "type": "reboot", "time": 29}
{"category": "regkey_written", "args": ["HKEY_CURRENT_USER\\Local Settings\\MuiCache\\5E\\52C64B7E\\LanguageList", "REG_MULTI_SZ", "en-US\u0000en\u0000\u0000"], "type": "reboot", "time": 29}
{"category": "regkey_written", "args": ["HKEY_CURRENT_USER\\Local Settings\\MuiCache\\5E\\52C64B7E\\LanguageList", "REG_MULTI_SZ", "en-US\u0000en\u0000\u0000"], "type": "reboot", "time": 29}
{"category": "regkey_written", "args": ["HKEY_CURRENT_USER\\Local Settings\\MuiCache\\5E\\52C64B7E\\LanguageList", "REG_MULTI_SZ", "en-US\u0000en\u0000\u0000"], "type": "reboot", "time": 29}
{"category": "regkey_written", "args": ["HKEY_CURRENT_USER\\Local Settings\\MuiCache\\5E\\52C64B7E\\LanguageList", "REG_MULTI_SZ", "en-US\u0000en\u0000\u0000"], "type": "reboot", "time": 29}
{"category": "regkey_written", "args": ["HKEY_CURRENT_USER\\Local Settings\\MuiCache\\5E\\52C64B7E\\LanguageList", "REG_MULTI_SZ", "en-US\u0000en\u0000\u0000"], "type": "reboot", "time": 29}
{"category": "regkey_written", "args": ["HKEY_CURRENT_USER\\Local Settings\\MuiCache\\5E\\52C64B7E\\LanguageList", "REG_MULTI_SZ", "en-US\u0000en\u0000\u0000"], "type": "reboot", "time": 29}
{"category": "regkey_written", "args": ["HKEY_CURRENT_USER\\Local Settings\\MuiCache\\5E\\52C64B7E\\LanguageList", "REG_MULTI_SZ", "en-US\u0000en\u0000\u0000"], "type": "reboot", "time": 29}
{"category": "regkey_written", "args": ["HKEY_CURRENT_USER\\Local Settings\\MuiCache\\5E\\52C64B7E\\LanguageList", "REG_MULTI_SZ", "en-US\u0000en\u0000\u0000"], "type": "reboot", "time": 29}
{"category": "regkey_written", "args": ["HKEY_CURRENT_USER\\Local Settings\\MuiCache\\5E\\52C64B7E\\LanguageList", "REG_MULTI_SZ", "en-US\u0000en\u0000\u0000"], "type": "reboot", "time": 29}
{"category": "regkey_written", "args": ["HKEY_CURRENT_USER\\Local Settings\\MuiCache\\5E\\52C64B7E\\LanguageList", "REG_MULTI_SZ", "en-US\u0000en\u0000\u0000"], "type": "reboot", "time": 29}
{"category": "regkey_written", "args": ["HKEY_CURRENT_USER\\Local Settings\\MuiCache\\5E\\52C64B7E\\LanguageList", "REG_MULTI_SZ", "en-US\u0000en\u0000\u0000"], "type": "reboot", "time": 29}
{"category": "regkey_written", "args": ["HKEY_CURRENT_USER\\Local Settings\\MuiCache\\5E\\52C64B7E\\LanguageList", "REG_MULTI_SZ", "en-US\u0000en\u0000\u0000"], "type": "reboot", "time": 29}
{"category": "regkey_written", "args": ["HKEY_CURRENT_USER\\Local Settings\\MuiCache\\5E\\52C64B7E\\LanguageList", "REG_MULTI_SZ", "en-US\u0000en\u0000\u0000"], "type": "reboot", "time": 29}
{"category": "regkey_written", "args": ["HKEY_CURRENT_USER\\Local Settings\\MuiCache\\5E\\52C64B7E\\LanguageList", "REG_MULTI_SZ", "en-US\u0000en\u0000\u0000"], "type": "reboot", "time": 29}
{"category": "regkey_written", "args": ["HKEY_CURRENT_USER\\Local Settings\\MuiCache\\5E\\52C64B7E\\LanguageList", "REG_MULTI_SZ", "en-US\u0000en\u0000\u0000"], "type": "reboot", "time": 29}
{"category": "regkey_written", "args": ["HKEY_CURRENT_USER\\Local Settings\\MuiCache\\5E\\52C64B7E\\LanguageList", "REG_MULTI_SZ", "en-US\u0000en\u0000\u0000"], "type": "reboot", "time": 29}
{"category": "regkey_written", "args": ["HKEY_CURRENT_USER\\Local Settings\\MuiCache\\5E\\52C64B7E\\LanguageList", "REG_MULTI_SZ", "en-US\u0000en\u0000\u0000"], "type": "reboot", "time": 29}
{"category": "regkey_written", "args": ["HKEY_CURRENT_USER\\Local Settings\\MuiCache\\5E\\52C64B7E\\LanguageList", "REG_MULTI_SZ", "en-US\u0000en\u0000\u0000"], "type": "reboot", "time": 29}
{"category": "regkey_written", "args": ["HKEY_CURRENT_USER\\Local Settings\\MuiCache\\5E\\52C64B7E\\LanguageList", "REG_MULTI_SZ", "en-US\u0000en\u0000\u0000"], "type": "reboot", "time": 29}
{"category": "regkey_written", "args": ["HKEY_CURRENT_USER\\Local Settings\\MuiCache\\5E\\52C64B7E\\LanguageList", "REG_MULTI_SZ", "en-US\u0000en\u0000\u0000"], "type": "reboot", "time": 29}
{"category": "regkey_written", "args": ["HKEY_CURRENT_USER\\Local Settings\\MuiCache\\5E\\52C64B7E\\LanguageList", "REG_MULTI_SZ", "en-US\u0000en\u0000\u0000"], "type": "reboot", "time": 29}
{"category": "regkey_written", "args": ["HKEY_CURRENT_USER\\Local Settings\\MuiCache\\5E\\52C64B7E\\LanguageList", "REG_MULTI_SZ", "en-US\u0000en\u0000\u0000"], "type": "reboot", "time": 29}
{"category": "regkey_written", "args": ["HKEY_CURRENT_USER\\Local Settings\\MuiCache\\5E\\52C64B7E\\LanguageList", "REG_MULTI_SZ", "en-US\u0000en\u0000\u0000"], "type": "reboot", "time": 29}
{"category": "regkey_written", "args": ["HKEY_CURRENT_USER\\Local Settings\\MuiCache\\5E\\52C64B7E\\LanguageList", "REG_MULTI_SZ", "en-US\u0000en\u0000\u0000"], "type": "reboot", "time": 29}
{"category": "regkey_written", "args": ["HKEY_CURRENT_USER\\Local Settings\\MuiCache\\5E\\52C64B7E\\LanguageList", "REG_MULTI_SZ", "en-US\u0000en\u0000\u0000"], "type": "reboot", "time": 29}
{"category": "regkey_written", "args": ["HKEY_CURRENT_USER\\Local Settings\\MuiCache\\5E\\52C64B7E\\LanguageList", "REG_MULTI_SZ", "en-US\u0000en\u0000\u0000"], "type": "reboot", "time": 29}
{"category": "regkey_written", "args": ["HKEY_CURRENT_USER\\Local Settings\\MuiCache\\5E\\52C64B7E\\LanguageList", "REG_MULTI_SZ", "en-US\u0000en\u0000\u0000"], "type": "reboot", "time": 29}
{"category": "regkey_written", "args": ["HKEY_CURRENT_USER\\Local Settings\\MuiCache\\5E\\52C64B7E\\LanguageList", "REG_MULTI_SZ", "en-US\u0000en\u0000\u0000"], "type": "reboot", "time": 29}
{"category": "regkey_written", "args": ["HKEY_CURRENT_USER\\Local Settings\\MuiCache\\5E\\52C64B7E\\LanguageList", "REG_MULTI_SZ", "en-US\u0000en\u0000\u0000"], "type": "reboot", "time": 29}
{"category": "regkey_written", "args": ["HKEY_CURRENT_USER\\Local Settings\\MuiCache\\5E\\52C64B7E\\LanguageList", "REG_MULTI_SZ", "en-US\u0000en\u0000\u0000"], "type": "reboot", "time": 29}
{"category": "regkey_written", "args": ["HKEY_CURRENT_USER\\Local Settings\\MuiCache\\5E\\52C64B7E\\LanguageList", "REG_MULTI_SZ", "en-US\u0000en\u0000\u0000"], "type": "reboot", "time": 29}
{"category": "regkey_written", "args": ["HKEY_CURRENT_USER\\Local Settings\\MuiCache\\5E\\52C64B7E\\LanguageList", "REG_MULTI_SZ", "en-US\u0000en\u0000\u0000"], "type": "reboot", "time": 29}
{"category": "regkey_written", "args": ["HKEY_CURRENT_USER\\Local Settings\\MuiCache\\5E\\52C64B7E\\LanguageList", "REG_MULTI_SZ", "en-US\u0000en\u0000\u0000"], "type": "reboot", "time": 29}
{"category": "regkey_written", "args": ["HKEY_CURRENT_USER\\Local Settings\\MuiCache\\5E\\52C64B7E\\LanguageList", "REG_MULTI_SZ", "en-US\u0000en\u0000\u0000"], "type": "reboot", "time": 29}
{"category": "regkey_written", "args": ["HKEY_CURRENT_USER\\Local Settings\\MuiCache\\5E\\52C64B7E\\LanguageList", "REG_MULTI_SZ", "en-US\u0000en\u0000\u0000"], "type": "reboot", "time": 29}
{"category": "regkey_written", "args": ["HKEY_CURRENT_USER\\Local Settings\\MuiCache\\5E\\52C64B7E\\LanguageList", "REG_MULTI_SZ", "en-US\u0000en\u0000\u0000"], "type": "reboot", "time": 29}
{"category": "regkey_written", "args": ["HKEY_CURRENT_USER\\Local Settings\\MuiCache\\5E\\52C64B7E\\LanguageList", "REG_MULTI_SZ", "en-US\u0000en\u0000\u0000"], "type": "reboot", "time": 29}
{"category": "regkey_written", "args": ["HKEY_CURRENT_USER\\Local Settings\\MuiCache\\5E\\52C64B7E\\LanguageList", "REG_MULTI_SZ", "en-US\u0000en\u0000\u0000"], "type": "reboot", "time": 29}
{"category": "regkey_written", "args": ["HKEY_CURRENT_USER\\Local Settings\\MuiCache\\5E\\52C64B7E\\LanguageList", "REG_MULTI_SZ", "en-US\u0000en\u0000\u0000"], "type": "reboot", "time": 29}
{"category": "regkey_written", "args": ["HKEY_CURRENT_USER\\Local Settings\\MuiCache\\5E\\52C64B7E\\LanguageList", "REG_MULTI_SZ", "en-US\u0000en\u0000\u0000"], "type": "reboot", "time": 29}
{"category": "regkey_written", "args": ["HKEY_CURRENT_USER\\Local Settings\\MuiCache\\5E\\52C64B7E\\LanguageList", "REG_MULTI_SZ", "en-US\u0000en\u0000\u0000"], "type": "reboot", "time": 29}
{"category": "regkey_written", "args": ["HKEY_CURRENT_USER\\Local Settings\\MuiCache\\5E\\52C64B7E\\LanguageList", "REG_MULTI_SZ", "en-US\u0000en\u0000\u0000"], "type": "reboot", "time": 29}
{"category": "regkey_written", "args": ["HKEY_CURRENT_USER\\Local Settings\\MuiCache\\5E\\52C64B7E\\LanguageList", "REG_MULTI_SZ", "en-US\u0000en\u0000\u0000"], "type": "reboot", "time": 29}
{"category": "regkey_written", "args": ["HKEY_CURRENT_USER\\Local Settings\\MuiCache\\5E\\52C64B7E\\LanguageList", "REG_MULTI_SZ", "en-US\u0000en\u0000\u0000"], "type": "reboot", "time": 29}
{"category": "regkey_written", "args": ["HKEY_CURRENT_USER\\Local Settings\\MuiCache\\5E\\52C64B7E\\LanguageList", "REG_MULTI_SZ", "en-US\u0000en\u0000\u0000"], "type": "reboot", "time": 29}
{"category": "regkey_written", "args": ["HKEY_CURRENT_USER\\Local Settings\\MuiCache\\5E\\52C64B7E\\LanguageList", "REG_MULTI_SZ", "en-US\u0000en\u0000\u0000"], "type": "reboot", "time": 29}
{"category": "regkey_written", "args": ["HKEY_CURRENT_USER\\Local Settings\\MuiCache\\5E\\52C64B7E\\LanguageList", "REG_MULTI_SZ", "en-US\u0000en\u0000\u0000"], "type": "reboot", "time": 29}
{"category": "regkey_written", "args": ["HKEY_CURRENT_USER\\Local Settings\\MuiCache\\5E\\52C64B7E\\LanguageList", "REG_MULTI_SZ", "en-US\u0000en\u0000\u0000"], "type": "reboot", "time": 29}
{"category": "regkey_written", "args": ["HKEY_CURRENT_USER\\Local Settings\\MuiCache\\5E\\52C64B7E\\LanguageList", "REG_MULTI_SZ", "en-US\u0000en\u0000\u0000"], "type": "reboot", "time": 29}
{"category": "regkey_written", "args": ["HKEY_CURRENT_USER\\Local Settings\\MuiCache\\5E\\52C64B7E\\LanguageList", "REG_MULTI_SZ", "en-US\u0000en\u0000\u0000"], "type": "reboot", "time": 29}
{"category": "regkey_written", "args": ["HKEY_CURRENT_USER\\Local Settings\\MuiCache\\5E\\52C64B7E\\LanguageList", "REG_MULTI_SZ", "en-US\u0000en\u0000\u0000"], "type": "reboot", "time": 29}
{"category": "regkey_written", "args": ["HKEY_CURRENT_USER\\Local Settings\\MuiCache\\5E\\52C64B7E\\LanguageList", "REG_MULTI_SZ", "en-US\u0000en\u0000\u0000"], "type": "reboot", "time": 29}
{"category": "regkey_written", "args": ["HKEY_CURRENT_USER\\Local Settings\\MuiCache\\5E\\52C64B7E\\LanguageList", "REG_MULTI_SZ", "en-US\u0000en\u0000\u0000"], "type": "reboot", "time": 29}
{"category": "regkey_written", "args": ["HKEY_CURRENT_USER\\Local Settings\\MuiCache\\5E\\52C64B7E\\LanguageList", "REG_MULTI_SZ", "en-US\u0000en\u0000\u0000"], "type": "reboot", "time": 29}
{"category": "regkey_written", "args": ["HKEY_CURRENT_USER\\Local Settings\\MuiCache\\5E\\52C64B7E\\LanguageList", "REG_MULTI_SZ", "en-US\u0000en\u0000\u0000"], "type": "reboot", "time": 29}
{"category": "regkey_written", "args": ["HKEY_CURRENT_USER\\Local Settings\\MuiCache\\5E\\52C64B7E\\LanguageList", "REG_MULTI_SZ", "en-US\u0000en\u0000\u0000"], "type": "reboot", "time": 29}
{"category": "regkey_written", "args": ["HKEY_CURRENT_USER\\Local Settings\\MuiCache\\5E\\52C64B7E\\LanguageList", "REG_MULTI_SZ", "en-US\u0000en\u0000\u0000"], "type": "reboot", "time": 29}
{"category": "regkey_written", "args": ["HKEY_CURRENT_USER\\Local Settings\\MuiCache\\5E\\52C64B7E\\LanguageList", "REG_MULTI_SZ", "en-US\u0000en\u0000\u0000"], "type": "reboot", "time": 29}
{"category": "regkey_written", "args": ["HKEY_CURRENT_USER\\Local Settings\\MuiCache\\5E\\52C64B7E\\LanguageList", "REG_MULTI_SZ", "en-US\u0000en\u0000\u0000"], "type": "reboot", "time": 29}
{"category": "regkey_written", "args": ["HKEY_CURRENT_USER\\Local Settings\\MuiCache\\5E\\52C64B7E\\LanguageList", "REG_MULTI_SZ", "en-US\u0000en\u0000\u0000"], "type": "reboot", "time": 29}
{"category": "regkey_written", "args": ["HKEY_CURRENT_USER\\Local Settings\\MuiCache\\5E\\52C64B7E\\LanguageList", "REG_MULTI_SZ", "en-US\u0000en\u0000\u0000"], "type": "reboot", "time": 29}
{"category": "regkey_written", "args": ["HKEY_CURRENT_USER\\Local Settings\\MuiCache\\5E\\52C64B7E\\LanguageList", "REG_MULTI_SZ", "en-US\u0000en\u0000\u0000"], "type": "reboot", "time": 29}
{"category": "regkey_written", "args": ["HKEY_CURRENT_USER\\Local Settings\\MuiCache\\5E\\52C64B7E\\LanguageList", "REG_MULTI_SZ", "en-US\u0000en\u0000\u0000"], "type": "reboot", "time": 29}
{"category": "regkey_written", "args": ["HKEY_CURRENT_USER\\Local Settings\\MuiCache\\5E\\52C64B7E\\LanguageList", "REG_MULTI_SZ", "en-US\u0000en\u0000\u0000"], "type": "reboot", "time": 29}
{"category": "regkey_written", "args": ["HKEY_CURRENT_USER\\Local Settings\\MuiCache\\5E\\52C64B7E\\LanguageList", "REG_MULTI_SZ", "en-US\u0000en\u0000\u0000"], "type": "reboot", "time": 29}
{"category": "regkey_written", "args": ["HKEY_CURRENT_USER\\Local Settings\\MuiCache\\5E\\52C64B7E\\LanguageList", "REG_MULTI_SZ", "en-US\u0000en\u0000\u0000"], "type": "reboot", "time": 29}
{"category": "regkey_written", "args": ["HKEY_CURRENT_USER\\Local Settings\\MuiCache\\5E\\52C64B7E\\LanguageList", "REG_MULTI_SZ", "en-US\u0000en\u0000\u0000"], "type": "reboot", "time": 29}
{"category": "regkey_written", "args": ["HKEY_CURRENT_USER\\Local Settings\\MuiCache\\5E\\52C64B7E\\LanguageList", "REG_MULTI_SZ", "en-US\u0000en\u0000\u0000"], "type": "reboot", "time": 29}
{"category": "regkey_written", "args": ["HKEY_CURRENT_USER\\Local Settings\\MuiCache\\5E\\52C64B7E\\LanguageList", "REG_MULTI_SZ", "en-US\u0000en\u0000\u0000"], "type": "reboot", "time": 29}
{"category": "regkey_written", "args": ["HKEY_CURRENT_USER\\Local Settings\\MuiCache\\5E\\52C64B7E\\LanguageList", "REG_MULTI_SZ", "en-US\u0000en\u0000\u0000"], "type": "reboot", "time": 29}
{"category": "regkey_written", "args": ["HKEY_CURRENT_USER\\Local Settings\\MuiCache\\5E\\52C64B7E\\LanguageList", "REG_MULTI_SZ", "en-US\u0000en\u0000\u0000"], "type": "reboot", "time": 29}
{"category": "regkey_written", "args": ["HKEY_CURRENT_USER\\Local Settings\\MuiCache\\5E\\52C64B7E\\LanguageList", "REG_MULTI_SZ", "en-US\u0000en\u0000\u0000"], "type": "reboot", "time": 29}
{"category": "regkey_written", "args": ["HKEY_CURRENT_USER\\Local Settings\\MuiCache\\5E\\52C64B7E\\LanguageList", "REG_MULTI_SZ", "en-US\u0000en\u0000\u0000"], "type": "reboot", "time": 29}
{"category": "regkey_written", "args": ["HKEY_CURRENT_USER\\Local Settings\\MuiCache\\5E\\52C64B7E\\LanguageList", "REG_MULTI_SZ", "en-US\u0000en\u0000\u0000"], "type": "reboot", "time": 29}
{"category": "regkey_written", "args": ["HKEY_CURRENT_USER\\Local Settings\\MuiCache\\5E\\52C64B7E\\LanguageList", "REG_MULTI_SZ", "en-US\u0000en\u0000\u0000"], "type": "reboot", "time": 29}
{"category": "regkey_written", "args": ["HKEY_CURRENT_USER\\Local Settings\\MuiCache\\5E\\52C64B7E\\LanguageList", "REG_MULTI_SZ", "en-US\u0000en\u0000\u0000"], "type": "reboot", "time": 29}
{"category": "regkey_written", "args": ["HKEY_CURRENT_USER\\Local Settings\\MuiCache\\5E\\52C64B7E\\LanguageList", "REG_MULTI_SZ", "en-US\u0000en\u0000\u0000"], "type": "reboot", "time": 29}
{"category": "regkey_written", "args": ["HKEY_CURRENT_USER\\Local Settings\\MuiCache\\5E\\52C64B7E\\LanguageList", "REG_MULTI_SZ", "en-US\u0000en\u0000\u0000"], "type": "reboot", "time": 29}
{"category": "regkey_written", "args": ["HKEY_CURRENT_USER\\Local Settings\\MuiCache\\5E\\52C64B7E\\LanguageList", "REG_MULTI_SZ", "en-US\u0000en\u0000\u0000"], "type": "reboot", "time": 29}
{"category": "regkey_written", "args": ["HKEY_CURRENT_USER\\Local Settings\\MuiCache\\5E\\52C64B7E\\LanguageList", "REG_MULTI_SZ", "en-US\u0000en\u0000\u0000"], "type": "reboot", "time": 29}
{"category": "regkey_written", "args": ["HKEY_CURRENT_USER\\Local Settings\\MuiCache\\5E\\52C64B7E\\LanguageList", "REG_MULTI_SZ", "en-US\u0000en\u0000\u0000"], "type": "reboot", "time": 29}
{"category": "regkey_written", "args": ["HKEY_CURRENT_USER\\Local Settings\\MuiCache\\5E\\52C64B7E\\LanguageList", "REG_MULTI_SZ", "en-US\u0000en\u0000\u0000"], "type": "reboot", "time": 29}
{"category": "regkey_written", "args": ["HKEY_CURRENT_USER\\Local Settings\\MuiCache\\5E\\52C64B7E\\LanguageList", "REG_MULTI_SZ", "en-US\u0000en\u0000\u0000"], "type": "reboot", "time": 29}
{"category": "regkey_written", "args": ["HKEY_CURRENT_USER\\Local Settings\\MuiCache\\5E\\52C64B7E\\LanguageList", "REG_MULTI_SZ", "en-US\u0000en\u0000\u0000"], "type": "reboot", "time": 29}
{"category": "regkey_written", "args": ["HKEY_CURRENT_USER\\Local Settings\\MuiCache\\5E\\52C64B7E\\LanguageList", "REG_MULTI_SZ", "en-US\u0000en\u0000\u0000"], "type": "reboot", "time": 29}
{"category": "regkey_written", "args": ["HKEY_CURRENT_USER\\Local Settings\\MuiCache\\5E\\52C64B7E\\LanguageList", "REG_MULTI_SZ", "en-US\u0000en\u0000\u0000"], "type": "reboot", "time": 29}
{"category": "regkey_written", "args": ["HKEY_CURRENT_USER\\Local Settings\\MuiCache\\5E\\52C64B7E\\LanguageList", "REG_MULTI_SZ", "en-US\u0000en\u0000\u0000"], "type": "reboot", "time": 29}
{"category": "regkey_written", "args": ["HKEY_CURRENT_USER\\Local Settings\\MuiCache\\5E\\52C64B7E\\LanguageList", "REG_MULTI_SZ", "en-US\u0000en\u0000\u0000"], "type": "reboot", "time": 29}
{"category": "regkey_written", "args": ["HKEY_CURRENT_USER\\Local Settings\\MuiCache\\5E\\52C64B7E\\LanguageList", "REG_MULTI_SZ", "en-US\u0000en\u0000\u0000"], "type": "reboot", "time": 29}
{"category": "regkey_written", "args": ["HKEY_CURRENT_USER\\Local Settings\\MuiCache\\5E\\52C64B7E\\LanguageList", "REG_MULTI_SZ", "en-US\u0000en\u0000\u0000"], "type": "reboot", "time": 29}
{"category": "regkey_written", "args": ["HKEY_CURRENT_USER\\Local Settings\\MuiCache\\5E\\52C64B7E\\LanguageList", "REG_MULTI_SZ", "en-US\u0000en\u0000\u0000"], "type": "reboot", "time": 29}
{"category": "regkey_written", "args": ["HKEY_CURRENT_USER\\Local Settings\\MuiCache\\5E\\52C64B7E\\LanguageList", "REG_MULTI_SZ", "en-US\u0000en\u0000\u0000"], "type": "reboot", "time": 29}
{"category": "regkey_written", "args": ["HKEY_CURRENT_USER\\Local Settings\\MuiCache\\5E\\52C64B7E\\LanguageList", "REG_MULTI_SZ", "en-US\u0000en\u0000\u0000"], "type": "reboot", "time": 29}
{"category": "regkey_written", "args": ["HKEY_CURRENT_USER\\Local Settings\\MuiCache\\5E\\52C64B7E\\LanguageList", "REG_MULTI_SZ", "en-US\u0000en\u0000\u0000"], "type": "reboot", "time": 29}
{"category": "regkey_written", "args": ["HKEY_CURRENT_USER\\Local Settings\\MuiCache\\5E\\52C64B7E\\LanguageList", "REG_MULTI_SZ", "en-US\u0000en\u0000\u0000"], "type": "reboot", "time": 29}
{"category": "regkey_written", "args": ["HKEY_CURRENT_USER\\Local Settings\\MuiCache\\5E\\52C64B7E\\LanguageList", "REG_MULTI_SZ", "en-US\u0000en\u0000\u0000"], "type": "reboot", "time": 29}
{"category": "regkey_written", "args": ["HKEY_CURRENT_USER\\Local Settings\\MuiCache\\5E\\52C64B7E\\LanguageList", "REG_MULTI_SZ", "en-US\u0000en\u0000\u0000"], "type": "reboot", "time": 29}
{"category": "regkey_written", "args": ["HKEY_CURRENT_USER\\Local Settings\\MuiCache\\5E\\52C64B7E\\LanguageList", "REG_MULTI_SZ", "en-US\u0000en\u0000\u0000"], "type": "reboot", "time": 29}
{"category": "regkey_written", "args": ["HKEY_CURRENT_USER\\Local Settings\\MuiCache\\5E\\52C64B7E\\LanguageList", "REG_MULTI_SZ", "en-US\u0000en\u0000\u0000"], "type": "reboot", "time": 29}
{"category": "regkey_written", "args": ["HKEY_CURRENT_USER\\Local Settings\\MuiCache\\5E\\52C64B7E\\LanguageList", "REG_MULTI_SZ", "en-US\u0000en\u0000\u0000"], "type": "reboot", "time": 29}
{"category": "regkey_written", "args": ["HKEY_CURRENT_USER\\Local Settings\\MuiCache\\5E\\52C64B7E\\LanguageList", "REG_MULTI_SZ", "en-US\u0000en\u0000\u0000"], "type": "reboot", "time": 29}
{"category": "regkey_written", "args": ["HKEY_CURRENT_USER\\Local Settings\\MuiCache\\5E\\52C64B7E\\LanguageList", "REG_MULTI_SZ", "en-US\u0000en\u0000\u0000"], "type": "reboot", "time": 29}
{"category": "regkey_written", "args": ["HKEY_CURRENT_USER\\Local Settings\\MuiCache\\5E\\52C64B7E\\LanguageList", "REG_MULTI_SZ", "en-US\u0000en\u0000\u0000"], "type": "reboot", "time": 29}
{"category": "regkey_written", "args": ["HKEY_CURRENT_USER\\Local Settings\\MuiCache\\5E\\52C64B7E\\LanguageList", "REG_MULTI_SZ", "en-US\u0000en\u0000\u0000"], "type": "reboot", "time": 29}
{"category": "regkey_written", "args": ["HKEY_CURRENT_USER\\Local Settings\\MuiCache\\5E\\52C64B7E\\LanguageList", "REG_MULTI_SZ", "en-US\u0000en\u0000\u0000"], "type": "reboot", "time": 29}
{"category": "regkey_written", "args": ["HKEY_CURRENT_USER\\Local Settings\\MuiCache\\5E\\52C64B7E\\LanguageList", "REG_MULTI_SZ", "en-US\u0000en\u0000\u0000"], "type": "reboot", "time": 29}
{"category": "regkey_written", "args": ["HKEY_CURRENT_USER\\Local Settings\\MuiCache\\5E\\52C64B7E\\LanguageList", "REG_MULTI_SZ", "en-US\u0000en\u0000\u0000"], "type": "reboot", "time": 29}
{"category": "regkey_written", "args": ["HKEY_CURRENT_USER\\Local Settings\\MuiCache\\5E\\52C64B7E\\LanguageList", "REG_MULTI_SZ", "en-US\u0000en\u0000\u0000"], "type": "reboot", "time": 29}
{"category": "regkey_written", "args": ["HKEY_CURRENT_USER\\Local Settings\\MuiCache\\5E\\52C64B7E\\LanguageList", "REG_MULTI_SZ", "en-US\u0000en\u0000\u0000"], "type": "reboot", "time": 29}
{"category": "regkey_written", "args": ["HKEY_CURRENT_USER\\Local Settings\\MuiCache\\5E\\52C64B7E\\LanguageList", "REG_MULTI_SZ", "en-US\u0000en\u0000\u0000"], "type": "reboot", "time": 29}
{"category": "regkey_written", "args": ["HKEY_CURRENT_USER\\Local Settings\\MuiCache\\5E\\52C64B7E\\LanguageList", "REG_MULTI_SZ", "en-US\u0000en\u0000\u0000"], "type": "reboot", "time": 29}
{"category": "regkey_written", "args": ["HKEY_CURRENT_USER\\Local Settings\\MuiCache\\5E\\52C64B7E\\LanguageList", "REG_MULTI_SZ", "en-US\u0000en\u0000\u0000"], "type": "reboot", "time": 29}
{"category": "regkey_written", "args": ["HKEY_CURRENT_USER\\Local Settings\\MuiCache\\5E\\52C64B7E\\LanguageList", "REG_MULTI_SZ", "en-US\u0000en\u0000\u0000"], "type": "reboot", "time": 29}
{"category": "regkey_written", "args": ["HKEY_CURRENT_USER\\Local Settings\\MuiCache\\5E\\52C64B7E\\LanguageList", "REG_MULTI_SZ", "en-US\u0000en\u0000\u0000"], "type": "reboot", "time": 29}
{"category": "regkey_written", "args": ["HKEY_CURRENT_USER\\Local Settings\\MuiCache\\5E\\52C64B7E\\LanguageList", "REG_MULTI_SZ", "en-US\u0000en\u0000\u0000"], "type": "reboot", "time": 29}
{"category": "regkey_written", "args": ["HKEY_CURRENT_USER\\Local Settings\\MuiCache\\5E\\52C64B7E\\LanguageList", "REG_MULTI_SZ", "en-US\u0000en\u0000\u0000"], "type": "reboot", "time": 29}
{"category": "regkey_written", "args": ["HKEY_CURRENT_USER\\Local Settings\\MuiCache\\5E\\52C64B7E\\LanguageList", "REG_MULTI_SZ", "en-US\u0000en\u0000\u0000"], "type": "reboot", "time": 29}
{"category": "regkey_written", "args": ["HKEY_CURRENT_USER\\Local Settings\\MuiCache\\5E\\52C64B7E\\LanguageList", "REG_MULTI_SZ", "en-US\u0000en\u0000\u0000"], "type": "reboot", "time": 29}
{"category": "regkey_written", "args": ["HKEY_CURRENT_USER\\Local Settings\\MuiCache\\5E\\52C64B7E\\LanguageList", "REG_MULTI_SZ", "en-US\u0000en\u0000\u0000"], "type": "reboot", "time": 29}
{"category": "regkey_written", "args": ["HKEY_CURRENT_USER\\Local Settings\\MuiCache\\5E\\52C64B7E\\LanguageList", "REG_MULTI_SZ", "en-US\u0000en\u0000\u0000"], "type": "reboot", "time": 29}
{"category": "regkey_written", "args": ["HKEY_CURRENT_USER\\Local Settings\\MuiCache\\5E\\52C64B7E\\LanguageList", "REG_MULTI_SZ", "en-US\u0000en\u0000\u0000"], "type": "reboot", "time": 29}
{"category": "regkey_written", "args": ["HKEY_CURRENT_USER\\Local Settings\\MuiCache\\5E\\52C64B7E\\LanguageList", "REG_MULTI_SZ", "en-US\u0000en\u0000\u0000"], "type": "reboot", "time": 29}
{"category": "regkey_written", "args": ["HKEY_CURRENT_USER\\Local Settings\\MuiCache\\5E\\52C64B7E\\LanguageList", "REG_MULTI_SZ", "en-US\u0000en\u0000\u0000"], "type": "reboot", "time": 29}
{"category": "regkey_written", "args": ["HKEY_CURRENT_USER\\Local Settings\\MuiCache\\5E\\52C64B7E\\LanguageList", "REG_MULTI_SZ", "en-US\u0000en\u0000\u0000"], "type": "reboot", "time": 29}
{"category": "regkey_written", "args": ["HKEY_CURRENT_USER\\Local Settings\\MuiCache\\5E\\52C64B7E\\LanguageList", "REG_MULTI_SZ", "en-US\u0000en\u0000\u0000"], "type": "reboot", "time": 29}
{"category": "regkey_written", "args": ["HKEY_CURRENT_USER\\Local Settings\\MuiCache\\5E\\52C64B7E\\LanguageList", "REG_MULTI_SZ", "en-US\u0000en\u0000\u0000"], "type": "reboot", "time": 29}
{"category": "regkey_written", "args": ["HKEY_CURRENT_USER\\Local Settings\\MuiCache\\5E\\52C64B7E\\LanguageList", "REG_MULTI_SZ", "en-US\u0000en\u0000\u0000"], "type": "reboot", "time": 29}
{"category": "regkey_written", "args": ["HKEY_CURRENT_USER\\Local Settings\\MuiCache\\5E\\52C64B7E\\LanguageList", "REG_MULTI_SZ", "en-US\u0000en\u0000\u0000"], "type": "reboot", "time": 29}
{"category": "regkey_written", "args": ["HKEY_CURRENT_USER\\Local Settings\\MuiCache\\5E\\52C64B7E\\LanguageList", "REG_MULTI_SZ", "en-US\u0000en\u0000\u0000"], "type": "reboot", "time": 29}
{"category": "regkey_written", "args": ["HKEY_CURRENT_USER\\Local Settings\\MuiCache\\5E\\52C64B7E\\LanguageList", "REG_MULTI_SZ", "en-US\u0000en\u0000\u0000"], "type": "reboot", "time": 29}
{"category": "regkey_written", "args": ["HKEY_CURRENT_USER\\Local Settings\\MuiCache\\5E\\52C64B7E\\LanguageList", "REG_MULTI_SZ", "en-US\u0000en\u0000\u0000"], "type": "reboot", "time": 29}
{"category": "regkey_written", "args": ["HKEY_CURRENT_USER\\Local Settings\\MuiCache\\5E\\52C64B7E\\LanguageList", "REG_MULTI_SZ", "en-US\u0000en\u0000\u0000"], "type": "reboot", "time": 29}
{"category": "regkey_written", "args": ["HKEY_CURRENT_USER\\Software\\Microsoft\\Windows\\CurrentVersion\\Internet Settings\\Connections\\DefaultConnectionSettings", "REG_BINARY", "F\u0000\u0000\u0000\u0004\u0000\u0000\u0000\t\u0000\u0000\u0000\u0000\u0000\u0000\u0000\u0000\u0000\u0000\u0000\u0000\u0000\u0000\u0000\u0004\u0000\u0000\u0000\u0000\u0000\u0000\u0000\u00e0\u00d6f\u00fa*\u00ff\u00d4\u0001\u0000\u0000\u0000\u0000\u0000\u0000\u0000\u0000\u0000\u0000\u0000\u0000\u0002\u0000\u0000\u0000\u0017\u0000\u0000\u0000\u0000\u0000\u0000\u0000\u0000\u0000\u0000\u0000\u0000\u0000\u0000\u0000\u0000\u0000\u0000\u0000\u0000\u0000\u0000\u0001\u0000\u0000\u0000\u0000\u0000\u0000\u0000\u0000\u0000\u0000\u0000\u0000\u0000\u0000\u0000\u0000\u0000\u0000\u0000\u0000\u0000\u0000\u0000\u0000\u0000\u0000\u0000\u0000\u0000\u0000\u0000\u0000\u0000\u0000\u0000\u0000\u0001\u0000\u0000\u0000\\\u009eN\u0000l\u009eN\u0000\u0004\u0000\u0000\u0000\u0000\u0000\u0000\u0000\u0000\u0000\u0000\u0000\u0000\u0000\u0000\u0000\u0000\u0000\u0000\u0000\u0000\u0000\u0000\u0000\u0000\u0000\u0000\u0000\u0000\u0000\u0000\u0000\u0000\u0000\u0000\u0000\u0000\u0000\u0000\u0000\u0000\u0000\u0000\u0000\u0000\u0000\u0000\u0000\u0000\u0000\u0000\u0000\u0000\u0000\u0000\u0000\u0002\u0000\u0000\u0000\u00c0\u00a88g\u0000\u0000\u0000\u0000\u0000\u0000\u0000\u0000\u0000\u0000\u0000\u0000\u0000\u0000\u0000\u0000\u0000\u0000\u0000\u0000\n\u0000\u0000\u0000\u0000\u0000\u0000\u0000\u00e0LJ\u00008\u00abN\u0000\u0000\u0000\u0000\u0000\u0004\u0000\u0000\u0000\u0000\u0000\u0000`\u0000\u0000\u0000  \u00e8L\u0000\u0000\u0000\u0000\u0000\u0000\u0000\u0000\u0000\u0000\u0000\u0000\u0000\u0090\u0004\u0000\u0000\u0010\u009eN\u0000\u0005\u0000\u0000\u0000@\u0003\u0000\u0000rd\u0000\u0000\u0000\u0000\u0000\u0000\u0000\u0000\u0000\u0000\u0000\u0000\u0000\u0000\u0000\u0000\u0000\u0000\u0000\u0000\u0000\u0000\u0000\u0000\u0000\u0000\u0000\u0000\u0000\u0000\u0000\u0000\u0000\u0000"], "type": "reboot", "time": 29}
{"category": "regkey_written", "args": ["HKEY_CURRENT_USER\\Software\\Microsoft\\Windows\\CurrentVersion\\Internet Settings\\Connections\\SavedLegacySettings", "REG_BINARY", "F\u0000\u0000\u0000\f\u0000\u0000\u0000\t\u0000\u0000\u0000\u0000\u0000\u0000\u0000\u0000\u0000\u0000\u0000\u0000\u0000\u0000\u0000\u0004\u0000\u0000\u0000\u0000\u0000\u0000\u0000\u00b0G\u001c\u00fes\u001c\u00d4\u0001\u0000\u0000\u0000\u0000\u0000\u0000\u0000\u0000\u0000\u0000\u0000\u0000\u0002\u0000\u0000\u0000\u0017\u0000\u0000\u0000\u0000\u0000\u0000\u0000\u0000\u0000\u0000\u0000\u0000\u0000\u0000\u0000\u0000\u0000\u0000\u0000\u0000\u0000\u0000\u0001\u0000\u0000\u0000\u0000\u0000\u0000\u0000\u0000\u0000\u0000\u0000\u0000\u0000\u0000\u0000\u0000\u0000\u0000\u0000\u0000\u0000\u0000\u0000\u0000\u0000\u0000\u0000\u0000\u0000\u0000\u0000\u0000\u0000\u0000\u0000\u0000\u0001\u0000\u0000\u0000\\\u009eN\u0000l\u009eN\u0000\u0004\u0000\u0000\u0000\u0000\u0000\u0000\u0000\u0000\u0000\u0000\u0000\u0000\u0000\u0000\u0000\u0000\u0000\u0000\u0000\u0000\u0000\u0000\u0000\u0000\u0000\u0000\u0000\u0000\u0000\u0000\u0000\u0000\u0000\u0000\u0000\u0000\u0000\u0000\u0000\u0000\u0000\u0000\u0000\u0000\u0000\u0000\u0000\u0000\u0000\u0000\u0000\u0000\u0000\u0000\u0000\u0002\u0000\u0000\u0000\u00c0\u00a88e\u0000\u0000\u0000\u0000\u0000\u0000\u0000\u0000\u0000\u0000\u0000\u0000\u0000\u0000\u0000\u0000\u0000\u0000\u0000\u0000\n\u0000\u0000\u0000\u0000\u0000\u0000\u0000\u00e0LJ\u00008\u00abN\u0000\u0000\u0000\u0000\u0000\u0004\u0000\u0000\u0000\u0000\u0000\u0000`\u0000\u0000\u0000  \u00e8L\u0000\u0000\u0000\u0000\u0000\u0000\u0000\u0000\u0000\u0000\u0000\u0000\u0000\u0090\u0004\u0000\u0000\u0010\u009eN\u0000\u0005\u0000\u0000\u0000@\u0003\u0000\u0000rd\u0000\u0000\u0000\u0000\u0000\u0000\u0000\u0000\u0000\u0000\u0000\u0000\u0000\u0000\u0000\u0000\u0000\u0000\u0000\u0000\u0000\u0000\u0000\u0000\u0000\u0000\u0000\u0000\u0000\u0000\u0000\u0000\u0000\u0000"], "type": "reboot", "time": 29}
{"category": "regkey_written", "args": ["HKEY_CURRENT_USER\\Software\\Microsoft\\Windows\\CurrentVersion\\Internet Settings\\ProxyEnable", "REG_DWORD", 0], "type": "reboot", "time": 29}
{"category": "regkey_written", "args": ["HKEY_CURRENT_USER\\Software\\Microsoft\\Windows\\CurrentVersion\\Internet Settings\\Wpad\\0a-00-27-00-00-00\\WpadDecision", "REG_DWORD", 3], "type": "reboot", "time": 29}
{"category": "regkey_written", "args": ["HKEY_CURRENT_USER\\Software\\Microsoft\\Windows\\CurrentVersion\\Internet Settings\\Wpad\\0a-00-27-00-00-00\\WpadDecisionReason", "REG_DWORD", 1], "type": "reboot", "time": 29}
{"category": "regkey_written", "args": ["HKEY_CURRENT_USER\\Software\\Microsoft\\Windows\\CurrentVersion\\Internet Settings\\Wpad\\0a-00-27-00-00-00\\WpadDecisionTime", "REG_BINARY", "\u00e0\u00d6f\u00fa*\u00ff\u00d4\u0001"], "type": "reboot", "time": 29}
{"category": "regkey_written", "args": ["HKEY_CURRENT_USER\\Software\\Microsoft\\Windows\\CurrentVersion\\Internet Settings\\Wpad\\WpadLastNetwork", "REG_SZ", "{AEA92549-000C-496A-880B-4D9C5F203FCE}"], "type": "reboot", "time": 29}
{"category": "regkey_written", "args": ["HKEY_CURRENT_USER\\Software\\Microsoft\\Windows\\CurrentVersion\\Internet Settings\\Wpad\\{AEA92549-000C-496A-880B-4D9C5F203FCE}\\WpadDecision", "REG_DWORD", 3], "type": "reboot", "time": 29}
{"category": "regkey_written", "args": ["HKEY_CURRENT_USER\\Software\\Microsoft\\Windows\\CurrentVersion\\Internet Settings\\Wpad\\{AEA92549-000C-496A-880B-4D9C5F203FCE}\\WpadDecisionReason", "REG_DWORD", 1], "type": "reboot", "time": 29}
{"category": "regkey_written", "args": ["HKEY_CURRENT_USER\\Software\\Microsoft\\Windows\\CurrentVersion\\Internet Settings\\Wpad\\{AEA92549-000C-496A-880B-4D9C5F203FCE}\\WpadDecisionTime", "REG_BINARY", "\u00e0\u00d6f\u00fa*\u00ff\u00d4\u0001"], "type": "reboot", "time": 29}
{"category": "regkey_written", "args": ["HKEY_CURRENT_USER\\Software\\Microsoft\\Windows\\CurrentVersion\\Internet Settings\\Wpad\\{AEA92549-000C-496A-880B-4D9C5F203FCE}\\WpadNetworkName", "REG_SZ", "Network  2"], "type": "reboot", "time": 29}
{"category": "regkey_written", "args": ["HKEY_CURRENT_USER\\Software\\Microsoft\\Windows\\CurrentVersion\\Internet Settings\\ZoneMap\\AutoDetect", "REG_DWORD", 1], "type": "reboot", "time": 29}
{"category": "regkey_written", "args": ["HKEY_CURRENT_USER\\Software\\Microsoft\\Windows\\CurrentVersion\\Internet Settings\\ZoneMap\\AutoDetect", "REG_DWORD", 1], "type": "reboot", "time": 29}
{"category": "regkey_written", "args": ["HKEY_CURRENT_USER\\Software\\Microsoft\\Windows\\CurrentVersion\\Internet Settings\\ZoneMap\\UNCAsIntranet", "REG_DWORD", 0], "type": "reboot", "time": 29}
{"category": "regkey_written", "args": ["HKEY_CURRENT_USER\\Software\\Microsoft\\Windows\\CurrentVersion\\Internet Settings\\ZoneMap\\UNCAsIntranet", "REG_DWORD", 0], "type": "reboot", "time": 29}
{"category": "regkey_written", "args": ["HKEY_LOCAL_MACHINE\\SOFTWARE\\Microsoft\\Tracing\\mshta_RASAPI32\\ConsoleTracingMask", "REG_DWORD", 4294901760], "type": "reboot", "time": 29}
{"category": "regkey_written", "args": ["HKEY_LOCAL_MACHINE\\SOFTWARE\\Microsoft\\Tracing\\mshta_RASAPI32\\EnableConsoleTracing", "REG_DWORD", 0], "type": "reboot", "time": 29}
{"category": "regkey_written", "args": ["HKEY_LOCAL_MACHINE\\SOFTWARE\\Microsoft\\Tracing\\mshta_RASAPI32\\EnableFileTracing", "REG_DWORD", 0], "type": "reboot", "time": 29}
{"category": "regkey_written", "args": ["HKEY_LOCAL_MACHINE\\SOFTWARE\\Microsoft\\Tracing\\mshta_RASAPI32\\FileDirectory", "REG_EXPAND_SZ", "%windir%\\tracing"], "type": "reboot", "time": 29}
{"category": "regkey_written", "args": ["HKEY_LOCAL_MACHINE\\SOFTWARE\\Microsoft\\Tracing\\mshta_RASAPI32\\FileTracingMask", "REG_DWORD", 4294901760], "type": "reboot", "time": 29}
{"category": "regkey_written", "args": ["HKEY_LOCAL_MACHINE\\SOFTWARE\\Microsoft\\Tracing\\mshta_RASAPI32\\MaxFileSize", "REG_DWORD", 1048576], "type": "reboot", "time": 29}
{"category": "regkey_written", "args": ["HKEY_LOCAL_MACHINE\\SOFTWARE\\Microsoft\\Tracing\\mshta_RASMANCS\\ConsoleTracingMask", "REG_DWORD", 4294901760], "type": "reboot", "time": 29}
{"category": "regkey_written", "args": ["HKEY_LOCAL_MACHINE\\SOFTWARE\\Microsoft\\Tracing\\mshta_RASMANCS\\EnableConsoleTracing", "REG_DWORD", 0], "type": "reboot", "time": 29}
{"category": "regkey_written", "args": ["HKEY_LOCAL_MACHINE\\SOFTWARE\\Microsoft\\Tracing\\mshta_RASMANCS\\EnableFileTracing", "REG_DWORD", 0], "type": "reboot", "time": 29}
{"category": "regkey_written", "args": ["HKEY_LOCAL_MACHINE\\SOFTWARE\\Microsoft\\Tracing\\mshta_RASMANCS\\FileDirectory", "REG_EXPAND_SZ", "%windir%\\tracing"], "type": "reboot", "time": 29}
{"category": "regkey_written", "args": ["HKEY_LOCAL_MACHINE\\SOFTWARE\\Microsoft\\Tracing\\mshta_RASMANCS\\FileTracingMask", "REG_DWORD", 4294901760], "type": "reboot", "time": 29}
{"category": "regkey_written", "args": ["HKEY_LOCAL_MACHINE\\SOFTWARE\\Microsoft\\Tracing\\mshta_RASMANCS\\MaxFileSize", "REG_DWORD", 1048576], "type": "reboot", "time": 29}
{"category": "regkey_deleted", "args": "HKEY_CURRENT_USER\\Software\\Microsoft\\Windows\\CurrentVersion\\Internet Settings\\AutoConfigURL", "type": "reboot", "time": 29}
{"category": "regkey_deleted", "args": "HKEY_CURRENT_USER\\Software\\Microsoft\\Windows\\CurrentVersion\\Internet Settings\\ProxyOverride", "type": "reboot", "time": 29}
{"category": "regkey_deleted", "args": "HKEY_CURRENT_USER\\Software\\Microsoft\\Windows\\CurrentVersion\\Internet Settings\\ProxyServer", "type": "reboot", "time": 29}
{"category": "regkey_deleted", "args": "HKEY_CURRENT_USER\\Software\\Microsoft\\Windows\\CurrentVersion\\Internet Settings\\ZoneMap\\IntranetName", "type": "reboot", "time": 29}
{"category": "regkey_deleted", "args": "HKEY_CURRENT_USER\\Software\\Microsoft\\Windows\\CurrentVersion\\Internet Settings\\ZoneMap\\IntranetName", "type": "reboot", "time": 29}
{"category": "regkey_deleted", "args": "HKEY_CURRENT_USER\\Software\\Microsoft\\Windows\\CurrentVersion\\Internet Settings\\ZoneMap\\ProxyBypass", "type": "reboot", "time": 29}
{"category": "regkey_deleted", "args": "HKEY_CURRENT_USER\\Software\\Microsoft\\Windows\\CurrentVersion\\Internet Settings\\ZoneMap\\ProxyBypass", "type": "reboot", "time": 29}
{"category": "regkey_deleted", "args": "HKEY_LOCAL_MACHINE\\SOFTWARE\\Microsoft\\Windows\\CurrentVersion\\Internet Settings\\ZoneMap\\IntranetName", "type": "reboot", "time": 29}
{"category": "regkey_deleted", "args": "HKEY_LOCAL_MACHINE\\SOFTWARE\\Microsoft\\Windows\\CurrentVersion\\Internet Settings\\ZoneMap\\IntranetName", "type": "reboot", "time": 29}
{"category": "regkey_deleted", "args": "HKEY_LOCAL_MACHINE\\SOFTWARE\\Microsoft\\Windows\\CurrentVersion\\Internet Settings\\ZoneMap\\ProxyBypass", "type": "reboot", "time": 29}
{"category": "regkey_deleted", "args": "HKEY_LOCAL_MACHINE\\SOFTWARE\\Microsoft\\Windows\\CurrentVersion\\Internet Settings\\ZoneMap\\ProxyBypass", "type": "reboot", "time": 29}
