{"started_on": {"$dt": "2019-04-29T20:01:01.982121"}, "duration": 137, "sample_id": 67, "owner": null, "id": 68, "category": "file", "priority": 2, "guest": {"status": "stopped", "name": "cuckoo1", "label": "karina7", "manager": "VirtualBox", "started_on": "2019-04-29 20:01:02", "shutdown_on": "2019-04-29 20:03:19"}, "clock": {"$dt": "2019-04-29T20:01:01.577345"}, "custom": null, "machine": null, "platform": "windows", "memory": false, "status": "completed", "tags": [], "processing": null, "enforce_timeout": false, "completed_on": {"$dt": "2019-04-29T20:03:19.716768"}, "target": "/tmp/cuckoo-tmp-karina/tmpX9_sVN/cerber.exe", "package": "exe", "route": "none", "timeout": 60, "submit_id": 44, "options": {"route": "none"}, "added_on": {"$dt": "2019-04-29T20:01:01.577360"}}