{"path": "shots/0001.jpg", "pids": [], "filepath": null}
{"path": "memory/4024-1.dmp", "pids": [], "filepath": "c:\\users\\karina\\appdata\\local\\temp\\tmpijmyr7"}
{"path": "shots/0002.jpg", "pids": [], "filepath": null}
{"path": "memory/2556-1.dmp", "pids": [], "filepath": "c:\\users\\karina\\appdata\\local\\temp\\tmp7xegl2"}
{"path": "shots/0003.jpg", "pids": [], "filepath": null}
{"path": "shots/0004.jpg", "pids": [], "filepath": null}
{"path": "shots/0005.jpg", "pids": [], "filepath": null}
{"path": "shots/0006.jpg", "pids": [], "filepath": null}
