{"started_on": {"$dt": "2019-04-29T20:03:20.772466"}, "duration": 49, "sample_id": 68, "owner": null, "id": 69, "category": "file", "priority": 2, "guest": {"status": "stopped", "name": "cuckoo1", "label": "karina7", "manager": "VirtualBox", "started_on": "2019-04-29 20:03:21", "shutdown_on": "2019-04-29 20:04:10"}, "clock": {"$dt": "2019-04-29T20:01:01.618904"}, "custom": null, "machine": null, "platform": "windows", "memory": false, "status": "completed", "tags": [], "processing": null, "enforce_timeout": false, "completed_on": {"$dt": "2019-04-29T20:04:10.147850"}, "target": "/tmp/cuckoo-tmp-karina/tmpMmmduQ/cryptowall.exe", "package": "exe", "route": "none", "timeout": 60, "submit_id": 44, "options": {"route": "none"}, "added_on": {"$dt": "2019-04-29T20:01:01.618920"}}