{"started_on": {"$dt": "2019-04-29T20:13:00.835028"}, "duration": 88, "sample_id": 76, "owner": null, "id": 77, "category": "file", "priority": 2, "guest": {"status": "stopped", "name": "cuckoo1", "label": "karina7", "manager": "VirtualBox", "started_on": "2019-04-29 20:13:01", "shutdown_on": "2019-04-29 20:14:28"}, "clock": {"$dt": "2019-04-29T20:01:01.895492"}, "custom": null, "machine": null, "platform": "windows", "memory": false, "status": "completed", "tags": [], "processing": null, "enforce_timeout": false, "completed_on": {"$dt": "2019-04-29T20:14:28.980968"}, "target": "/tmp/cuckoo-tmp-karina/tmpiBtaON/vipasana.exe", "package": "exe", "route": "none", "timeout": 60, "submit_id": 44, "options": {"route": "none"}, "added_on": {"$dt": "2019-04-29T20:01:01.895508"}}