{"path": "shots/0001.jpg", "pids": [], "filepath": null}
{"path": "shots/0002.jpg", "pids": [], "filepath": null}
{"path": "shots/0003.jpg", "pids": [], "filepath": null}
{"path": "memory/2300-1.dmp", "pids": [], "filepath": "c:\\users\\karina\\appdata\\local\\temp\\tmpm9dmnn"}
{"path": "shots/0004.jpg", "pids": [], "filepath": null}
{"path": "files/c121c15e4e873961_satana.exe", "pids": [], "filepath": "C:\\Users\\karina\\AppData\\Local\\Temp\\satana.exe"}
{"path": "shots/0005.jpg", "pids": [], "filepath": null}
{"path": "memory/2816-1.dmp", "pids": [], "filepath": "c:\\users\\karina\\appdata\\local\\temp\\tmpl1aw15"}
{"path": "shots/0006.jpg", "pids": [], "filepath": null}
{"path": "shots/0007.jpg", "pids": [], "filepath": null}
{"path": "shots/0008.jpg", "pids": [], "filepath": null}
{"path": "shots/0009.jpg", "pids": [], "filepath": null}
{"path": "files/82fb88a070e41d28_!satana!.txt", "pids": [2040], "filepath": "C:\\Users\\karina\\AppData\\Local\\Temp\\!satana!.txt"}
{"path": "shots/0010.jpg", "pids": [], "filepath": null}
