{"category": "create_process", "args": ["C:\\Users\\karina\\AppData\\Local\\Temp\\!satana!.txt", [], "explorer.exe"], "type": "reboot", "time": 29}
{"category": "regkey_written", "args": ["HKEY_CURRENT_USER\\A5B83BBFC721D83000B9520711265A90\\BTC", "REG_SZ", "XqW49FMuYkSVhSwjB6wvgHNnTDhTasLqtx\u0000\u0000\u0000\u0000\u0000\u0000\u0000\u0000\u0000\u0000\u0000\u0000\u0000\u0000"], "type": "reboot", "time": 29}
{"category": "regkey_written", "args": ["HKEY_CURRENT_USER\\A5B83BBFC721D83000B9520711265A90\\E-mail", "REG_SZ", "Sarah_G@ausi.com\u0000\u0000\u0000\u0000\u0000\u0000\u0000\u0000\u0000\u0000\u0000\u0000\u0000\u0000\u0000\u0000\u0000\u0000\u0000\u0000\u0000\u0000\u0000\u0000\u0000\u0000\u0000\u0000\u0000\u0000\u0000\u0000"], "type": "reboot", "time": 29}
{"category": "regkey_written", "args": ["HKEY_CURRENT_USER\\Software\\Microsoft\\Windows\\CurrentVersion\\Internet Settings\\ZoneMap\\AutoDetect", "REG_DWORD", 1], "type": "reboot", "time": 29}
{"category": "regkey_written", "args": ["HKEY_CURRENT_USER\\Software\\Microsoft\\Windows\\CurrentVersion\\Internet Settings\\ZoneMap\\AutoDetect", "REG_DWORD", 1], "type": "reboot", "time": 29}
{"category": "regkey_written", "args": ["HKEY_CURRENT_USER\\Software\\Microsoft\\Windows\\CurrentVersion\\Internet Settings\\ZoneMap\\AutoDetect", "REG_DWORD", 1], "type": "reboot", "time": 29}
{"category": "regkey_written", "args": ["HKEY_CURRENT_USER\\Software\\Microsoft\\Windows\\CurrentVersion\\Internet Settings\\ZoneMap\\AutoDetect", "REG_DWORD", 1], "type": "reboot", "time": 29}
{"category": "regkey_written", "args": ["HKEY_CURRENT_USER\\Software\\Microsoft\\Windows\\CurrentVersion\\Internet Settings\\ZoneMap\\UNCAsIntranet", "REG_DWORD", 0], "type": "reboot", "time": 29}
{"category": "regkey_written", "args": ["HKEY_CURRENT_USER\\Software\\Microsoft\\Windows\\CurrentVersion\\Internet Settings\\ZoneMap\\UNCAsIntranet", "REG_DWORD", 0], "type": "reboot", "time": 29}
{"category": "regkey_written", "args": ["HKEY_CURRENT_USER\\Software\\Microsoft\\Windows\\CurrentVersion\\Internet Settings\\ZoneMap\\UNCAsIntranet", "REG_DWORD", 0], "type": "reboot", "time": 29}
{"category": "regkey_written", "args": ["HKEY_CURRENT_USER\\Software\\Microsoft\\Windows\\CurrentVersion\\Internet Settings\\ZoneMap\\UNCAsIntranet", "REG_DWORD", 0], "type": "reboot", "time": 29}
{"category": "regkey_written", "args": ["HKEY_CURRENT_USER\\Software\\Microsoft\\Windows\\CurrentVersion\\Run\\frsroc", "REG_SZ", "C:\\Users\\karina\\AppData\\Local\\Temp\\!satana!.txt"], "type": "reboot", "time": 29}
{"category": "regkey_deleted", "args": "HKEY_CURRENT_USER\\Software\\Microsoft\\Windows\\CurrentVersion\\Internet Settings\\ZoneMap\\IntranetName", "type": "reboot", "time": 29}
{"category": "regkey_deleted", "args": "HKEY_CURRENT_USER\\Software\\Microsoft\\Windows\\CurrentVersion\\Internet Settings\\ZoneMap\\IntranetName", "type": "reboot", "time": 29}
{"category": "regkey_deleted", "args": "HKEY_CURRENT_USER\\Software\\Microsoft\\Windows\\CurrentVersion\\Internet Settings\\ZoneMap\\IntranetName", "type": "reboot", "time": 29}
{"category": "regkey_deleted", "args": "HKEY_CURRENT_USER\\Software\\Microsoft\\Windows\\CurrentVersion\\Internet Settings\\ZoneMap\\IntranetName", "type": "reboot", "time": 29}
{"category": "regkey_deleted", "args": "HKEY_CURRENT_USER\\Software\\Microsoft\\Windows\\CurrentVersion\\Internet Settings\\ZoneMap\\ProxyBypass", "type": "reboot", "time": 29}
{"category": "regkey_deleted", "args": "HKEY_CURRENT_USER\\Software\\Microsoft\\Windows\\CurrentVersion\\Internet Settings\\ZoneMap\\ProxyBypass", "type": "reboot", "time": 29}
{"category": "regkey_deleted", "args": "HKEY_CURRENT_USER\\Software\\Microsoft\\Windows\\CurrentVersion\\Internet Settings\\ZoneMap\\ProxyBypass", "type": "reboot", "time": 29}
{"category": "regkey_deleted", "args": "HKEY_CURRENT_USER\\Software\\Microsoft\\Windows\\CurrentVersion\\Internet Settings\\ZoneMap\\ProxyBypass", "type": "reboot", "time": 29}
{"category": "regkey_deleted", "args": "HKEY_LOCAL_MACHINE\\SOFTWARE\\Microsoft\\Windows\\CurrentVersion\\Internet Settings\\ZoneMap\\IntranetName", "type": "reboot", "time": 29}
{"category": "regkey_deleted", "args": "HKEY_LOCAL_MACHINE\\SOFTWARE\\Microsoft\\Windows\\CurrentVersion\\Internet Settings\\ZoneMap\\IntranetName", "type": "reboot", "time": 29}
{"category": "regkey_deleted", "args": "HKEY_LOCAL_MACHINE\\SOFTWARE\\Microsoft\\Windows\\CurrentVersion\\Internet Settings\\ZoneMap\\IntranetName", "type": "reboot", "time": 29}
{"category": "regkey_deleted", "args": "HKEY_LOCAL_MACHINE\\SOFTWARE\\Microsoft\\Windows\\CurrentVersion\\Internet Settings\\ZoneMap\\IntranetName", "type": "reboot", "time": 29}
{"category": "regkey_deleted", "args": "HKEY_LOCAL_MACHINE\\SOFTWARE\\Microsoft\\Windows\\CurrentVersion\\Internet Settings\\ZoneMap\\ProxyBypass", "type": "reboot", "time": 29}
{"category": "regkey_deleted", "args": "HKEY_LOCAL_MACHINE\\SOFTWARE\\Microsoft\\Windows\\CurrentVersion\\Internet Settings\\ZoneMap\\ProxyBypass", "type": "reboot", "time": 29}
{"category": "regkey_deleted", "args": "HKEY_LOCAL_MACHINE\\SOFTWARE\\Microsoft\\Windows\\CurrentVersion\\Internet Settings\\ZoneMap\\ProxyBypass", "type": "reboot", "time": 29}
{"category": "regkey_deleted", "args": "HKEY_LOCAL_MACHINE\\SOFTWARE\\Microsoft\\Windows\\CurrentVersion\\Internet Settings\\ZoneMap\\ProxyBypass", "type": "reboot", "time": 29}
