{"started_on": {"$dt": "2019-04-29T20:09:29.805206"}, "duration": 67, "sample_id": 74, "owner": null, "id": 75, "category": "file", "priority": 2, "guest": {"status": "stopped", "name": "cuckoo1", "label": "karina7", "manager": "VirtualBox", "started_on": "2019-04-29 20:09:30", "shutdown_on": "2019-04-29 20:10:36"}, "clock": {"$dt": "2019-04-29T20:01:01.831346"}, "custom": null, "machine": null, "platform": "windows", "memory": false, "status": "completed", "tags": [], "processing": null, "enforce_timeout": false, "completed_on": {"$dt": "2019-04-29T20:10:37.016030"}, "target": "/tmp/cuckoo-tmp-karina/tmpiZn5Cb/satana.exe", "package": "exe", "route": "none", "timeout": 60, "submit_id": 44, "options": {"route": "none"}, "added_on": {"$dt": "2019-04-29T20:01:01.831362"}}