{"started_on": {"$dt": "2019-04-29T20:05:32.813706"}, "duration": 22, "sample_id": 70, "owner": null, "id": 71, "category": "file", "priority": 2, "guest": {"status": "stopped", "name": "cuckoo1", "label": "karina7", "manager": "VirtualBox", "started_on": "2019-04-29 20:05:33", "shutdown_on": "2019-04-29 20:05:55"}, "clock": {"$dt": "2019-04-29T20:01:01.697908"}, "custom": null, "machine": null, "platform": "windows", "memory": false, "status": "completed", "tags": [], "processing": null, "enforce_timeout": false, "completed_on": {"$dt": "2019-04-29T20:05:55.180123"}, "target": "/tmp/cuckoo-tmp-karina/tmptIkPnz/mamba.exe", "package": "exe", "route": "none", "timeout": 60, "submit_id": 44, "options": {"route": "none"}, "added_on": {"$dt": "2019-04-29T20:01:01.697926"}}