{"category": "regkey_written", "args": ["HKEY_LOCAL_MACHINE\\SOFTWARE\\Microsoft\\Tracing\\Locky_RASMANCS\\ConsoleTracingMask", "REG_DWORD", 4294901760], "type": "reboot", "time": 29}
{"category": "regkey_written", "args": ["HKEY_LOCAL_MACHINE\\SOFTWARE\\Microsoft\\Tracing\\Locky_RASMANCS\\EnableConsoleTracing", "REG_DWORD", 0], "type": "reboot", "time": 29}
{"category": "regkey_written", "args": ["HKEY_LOCAL_MACHINE\\SOFTWARE\\Microsoft\\Tracing\\Locky_RASMANCS\\EnableFileTracing", "REG_DWORD", 0], "type": "reboot", "time": 29}
{"category": "regkey_written", "args": ["HKEY_LOCAL_MACHINE\\SOFTWARE\\Microsoft\\Tracing\\Locky_RASMANCS\\FileDirectory", "REG_EXPAND_SZ", "%windir%\\tracing"], "type": "reboot", "time": 29}
{"category": "regkey_written", "args": ["HKEY_LOCAL_MACHINE\\SOFTWARE\\Microsoft\\Tracing\\Locky_RASMANCS\\FileTracingMask", "REG_DWORD", 4294901760], "type": "reboot", "time": 29}
{"category": "regkey_written", "args": ["HKEY_LOCAL_MACHINE\\SOFTWARE\\Microsoft\\Tracing\\Locky_RASMANCS\\MaxFileSize", "REG_DWORD", 1048576], "type": "reboot", "time": 29}
