{"started_on": {"$dt": "2019-04-29T20:04:11.804336"}, "duration": 79, "sample_id": 69, "owner": null, "id": 70, "category": "file", "priority": 2, "guest": {"status": "stopped", "name": "cuckoo1", "label": "karina7", "manager": "VirtualBox", "started_on": "2019-04-29 20:04:12", "shutdown_on": "2019-04-29 20:05:31"}, "clock": {"$dt": "2019-04-29T20:01:01.653119"}, "custom": null, "machine": null, "platform": "windows", "memory": false, "status": "completed", "tags": [], "processing": null, "enforce_timeout": false, "completed_on": {"$dt": "2019-04-29T20:05:31.460841"}, "target": "/tmp/cuckoo-tmp-karina/tmpgy7v9E/Locky.exe", "package": "exe", "route": "none", "timeout": 60, "submit_id": 44, "options": {"route": "none"}, "added_on": {"$dt": "2019-04-29T20:01:01.653136"}}